Mulberry Silk,1,#94766C,"rgb(148, 118, 108)"
Chelsea Mauve,2,#BEAC9F,"rgb(190, 172, 159)"
Cabbage Rose,3,#C59F91,"rgb(197, 159, 145)"
Rose Brocade,4,#996C6E,"rgb(153, 108, 110)"
Deepest Mauve,5,#6D595A,"rgb(109, 89, 90)"
Toile Red,6,#8B534E,"rgb(139, 83, 78)"
Decorous Amber,7,#AC7559,"rgb(172, 117, 89)"
Cajun Red,8,#8D422F,"rgb(141, 66, 47)"
Eastlake Gold,9,#C28E61,"rgb(194, 142, 97)"
Wickerwork,10,#C19E80,"rgb(193, 158, 128)"
Crewel Tan,11,#CBB99B,"rgb(203, 185, 155)"
Empire Gold,12,#C19F6E,"rgb(193, 159, 110)"
Majolica Green,13,#AEB08F,"rgb(174, 176, 143)"
Sheraton Sage,14,#8F8666,"rgb(143, 134, 102)"
Gallery Green,15,#708672,"rgb(112, 134, 114)"
Billiard Green,16,#45584D,"rgb(69, 88, 77)"
Calico,17,#8CA49C,"rgb(140, 164, 156)"
Teal Stencil,18,#627F7B,"rgb(98, 127, 123)"
Festoon Aqua,19,#A0BBB8,"rgb(160, 187, 184)"
Peacock Plume,20,#739694,"rgb(115, 150, 148)"
Queen Anne Lilac,21,#C0B6B4,"rgb(192, 182, 180)"
Patchwork Plum,22,#7E696A,"rgb(126, 105, 106)"
Pewter Tankard,23,#A39B90,"rgb(163, 155, 144)"
Curio Gray,24,#988977,"rgb(152, 137, 119)"
Rosedust,25,#CC8D84,"rgb(204, 141, 132)"
Rachel Pink,26,#E8B9AE,"rgb(232, 185, 174)"
Aristocrat Peach,27,#ECCEB9,"rgb(236, 206, 185)"
Caen Stone,28,#ECD0B1,"rgb(236, 208, 177)"
Acanthus,29,#CDCDB4,"rgb(205, 205, 180)"
Colonial Yellow,30,#EFC488,"rgb(239, 196, 136)"
Dutch Tile Blue,31,#9AABAB,"rgb(154, 171, 171)"
Needlepoint Navy,32,#546670,"rgb(84, 102, 112)"
Rembrandt Ruby,33,#974F49,"rgb(151, 79, 73)"
Roycroft Rose,34,#C08F80,"rgb(192, 143, 128)"
Indian White,35,#EEDAC3,"rgb(238, 218, 195)"
Buckram Binding,36,#D9C3A6,"rgb(217, 195, 166)"
Morris Room Grey,37,#ADA193,"rgb(173, 161, 147)"
Library Pewter,38,#7F7263,"rgb(127, 114, 99)"
Portrait Tone,39,#C4957A,"rgb(196, 149, 122)"
Roycroft Adobe,40,#A76251,"rgb(167, 98, 81)"
Dard Hunter Green,41,#3A4A3F,"rgb(58, 74, 63)"
Ruskin Room Green,42,#ACA17D,"rgb(172, 161, 125)"
Peristyle Brass,43,#AE905E,"rgb(174, 144, 94)"
Hubbard Squash,44,#E9BF8C,"rgb(233, 191, 140)"
Antiquarian Brown,45,#946644,"rgb(148, 102, 68)"
White Hyacinth,46,#F3E5D1,"rgb(243, 229, 209)"
Studio Blue Green,47,#6D817B,"rgb(109, 129, 123)"
Bunglehouse Blue,48,#47626F,"rgb(71, 98, 111)"
Silver Gray,49,#B8B2A2,"rgb(184, 178, 162)"
Classic Light Buff,50,#F0EADC,"rgb(240, 234, 220)"
Classic Ivory,51,#F2E0C3,"rgb(242, 224, 195)"
Pearl Gray,52,#CBCEC5,"rgb(203, 206, 197)"
Porcelain,53,#E9E0D5,"rgb(233, 224, 213)"
Twilight Gray,54,#C8BFB5,"rgb(200, 191, 181)"
Light French Gray,55,#C2C0BB,"rgb(194, 192, 187)"
Classic Sand,56,#D6BCAA,"rgb(214, 188, 170)"
Chinese Red,57,#9E3E33,"rgb(158, 62, 51)"
Jazz Age Coral,58,#F1BFB1,"rgb(241, 191, 177)"
Frostwork,59,#CBD0C2,"rgb(203, 208, 194)"
Alexandrite,60,#598C74,"rgb(89, 140, 116)"
Salon Rose,61,#AB7878,"rgb(171, 120, 120)"
Studio Mauve,62,#C6B9B8,"rgb(198, 185, 184)"
Blue Sky,63,#ABD1C9,"rgb(171, 209, 201)"
Blue Peacock,64,#014E4C,"rgb(1, 78, 76)"
Vogue Green,65,#4B5645,"rgb(75, 86, 69)"
Cascade Green,66,#ACB19F,"rgb(172, 177, 159)"
Belvedere Cream,67,#F0CDA0,"rgb(240, 205, 160)"
Copen Blue,68,#C2CCC4,"rgb(194, 204, 196)"
Rose Tan,69,#CD9C85,"rgb(205, 156, 133)"
Pink Shadow,70,#DEC3B9,"rgb(222, 195, 185)"
Orchid,71,#BC9C9E,"rgb(188, 156, 158)"
Deep Maroon,72,#623F45,"rgb(98, 63, 69)"
Chartreuse,73,#E1D286,"rgb(225, 210, 134)"
Radiant Lilac,74,#A489A0,"rgb(164, 137, 160)"
Holiday Turquoise,75,#8AC6BD,"rgb(138, 198, 189)"
Appleblossom,76,#DAB5B4,"rgb(218, 181, 180)"
Classic French Gray,77,#888782,"rgb(136, 135, 130)"
Sunbeam Yellow,78,#F0D39D,"rgb(240, 211, 157)"
Pinky Beige,79,#C9AA98,"rgb(201, 170, 152)"
Pink Flamingo,80,#CD717B,"rgb(205, 113, 123)"
Skyline Steel,1015,#C6BFB3,"rgb(198, 191, 179)"
Venetian Yellow,1666,#F6E3A1,"rgb(246, 227, 161)"
Icy Lemonade,1667,#F4E8B2,"rgb(244, 232, 178)"
Pineapple Cream,1668,#F2EAC3,"rgb(242, 234, 195)"
Merlot,2704,#51323B,"rgb(81, 50, 59)"
Rockweed,2735,#443735,"rgb(68, 55, 53)"
Charcoal Blue,2739,#3D4450,"rgb(61, 68, 80)"
Mineral Gray,2740,#515763,"rgb(81, 87, 99)"
Rookwood Dark Red,2801,#4B2929,"rgb(75, 41, 41)"
Rookwood Red,2802,#622F2D,"rgb(98, 47, 45)"
Rookwood Terra Cotta,2803,#975840,"rgb(151, 88, 64)"
Renwick Rose Beige,2804,#AF8871,"rgb(175, 136, 113)"
Renwick Beige,2805,#C3B09D,"rgb(195, 176, 157)"
Rookwood Brown,2806,#7F614A,"rgb(127, 97, 74)"
Rookwood Medium Brown,2807,#6E5241,"rgb(110, 82, 65)"
Rookwood Dark Brown,2808,#5F4D43,"rgb(95, 77, 67)"
Rookwood Shutter Green,2809,#303B39,"rgb(48, 59, 57)"
Rookwood Sash Green,2810,#506A67,"rgb(80, 106, 103)"
Rookwood Blue Green,2811,#738478,"rgb(115, 132, 120)"
Rookwood Jade,2812,#979F7F,"rgb(151, 159, 127)"
Downing Straw,2813,#CAAB7D,"rgb(202, 171, 125)"
Rookwood Antique Gold,2814,#A58258,"rgb(165, 130, 88)"
Renwick Olive,2815,#97896A,"rgb(151, 137, 106)"
Rookwood Dark Green,2816,#565C4A,"rgb(86, 92, 74)"
Rookwood Amber,2817,#C08650,"rgb(192, 134, 80)"
Renwick Heather,2818,#8B7D7B,"rgb(139, 125, 123)"
Downing Slate,2819,#777F86,"rgb(119, 127, 134)"
Downing Earth,2820,#887B67,"rgb(136, 123, 103)"
Downing Stone,2821,#A6A397,"rgb(166, 163, 151)"
Downing Sand,2822,#CBBCA5,"rgb(203, 188, 165)"
Rookwood Clay,2823,#9A7E64,"rgb(154, 126, 100)"
Renwick Golden Oak,2824,#96724C,"rgb(150, 114, 76)"
Colonial Revival Green Stone,2826,#A39B7E,"rgb(163, 155, 126)"
Colonial Revival Stone,2827,#A7947C,"rgb(167, 148, 124)"
Colonial Revival Tan,2828,#D3B699,"rgb(211, 182, 153)"
Classical White,2829,#ECE1CB,"rgb(236, 225, 203)"
Classical Gold,2831,#EBB875,"rgb(235, 184, 117)"
Colonial Revival Gray,2832,#B4B9B9,"rgb(180, 185, 185)"
Roycroft Vellum,2833,#E8D9BD,"rgb(232, 217, 189)"
Birdseye Maple,2834,#E4C495,"rgb(228, 196, 149)"
Craftsman Brown,2835,#AE9278,"rgb(174, 146, 120)"
Quartersawn Oak,2836,#85695B,"rgb(133, 105, 91)"
Aurora Brown,2837,#6A4238,"rgb(106, 66, 56)"
Polished Mahogany,2838,#432722,"rgb(67, 39, 34)"
Roycroft Copper Red,2839,#7B3728,"rgb(123, 55, 40)"
Hammered Silver,2840,#978A7F,"rgb(151, 138, 127)"
Weathered Shingle,2841,#937F68,"rgb(147, 127, 104)"
Roycroft Suede,2842,#A79473,"rgb(167, 148, 115)"
Roycroft Brass,2843,#7A6A51,"rgb(122, 106, 81)"
Roycroft Mist Gray,2844,#C2BDB1,"rgb(194, 189, 177)"
Bunglehouse Gray,2845,#988F7B,"rgb(152, 143, 123)"
Roycroft Bronze Green,2846,#575449,"rgb(87, 84, 73)"
Roycroft Bottle Green,2847,#324038,"rgb(50, 64, 56)"
Roycroft Pewter,2848,#616564,"rgb(97, 101, 100)"
Westchester Gray,2849,#797978,"rgb(121, 121, 120)"
Chelsea Gray,2850,#B6B7B0,"rgb(182, 183, 176)"
Sage Green Light,2851,#73705E,"rgb(115, 112, 94)"
New Colonial Yellow,2853,#D9AD7F,"rgb(217, 173, 127)"
Caribbean Coral,2854,#BE795E,"rgb(190, 121, 94)"
Sycamore Tan,2855,#9C8A79,"rgb(156, 138, 121)"
Fairfax Brown,2856,#61463A,"rgb(97, 70, 58)"
Peace Yellow,2857,#EECF9E,"rgb(238, 207, 158)"
Harvest Gold,2858,#D9A06A,"rgb(217, 160, 106)"
Beige,2859,#DFC8B5,"rgb(223, 200, 181)"
Sage,2860,#B3AE95,"rgb(179, 174, 149)"
Avocado,2861,#857C5D,"rgb(133, 124, 93)"
Powder Blue,2863,#89A4AD,"rgb(137, 164, 173)"
Classical Yellow,2865,#F8D492,"rgb(248, 212, 146)"
Snowfall,6000,#E0DEDA,"rgb(224, 222, 218)"
Grayish,6001,#CFCAC7,"rgb(207, 202, 199)"
Essential Gray,6002,#BCB8B6,"rgb(188, 184, 182)"
Proper Gray,6003,#ADA8A5,"rgb(173, 168, 165)"
Mink,6004,#847B77,"rgb(132, 123, 119)"
Folkstone,6005,#6D6562,"rgb(109, 101, 98)"
Black Bean,6006,#403330,"rgb(64, 51, 48)"
Smart White,6007,#E4DBD8,"rgb(228, 219, 216)"
Individual White,6008,#D4CDCA,"rgb(212, 205, 202)"
Imagine,6009,#C2B6B6,"rgb(194, 182, 182)"
Flexible Gray,6010,#B1A3A1,"rgb(177, 163, 161)"
Chinchilla,6011,#867875,"rgb(134, 120, 117)"
Browse Brown,6012,#6E615F,"rgb(110, 97, 95)"
Bitter Chocolate,6013,#4D3C3C,"rgb(77, 60, 60)"
Vaguely Mauve,6015,#D1C5C4,"rgb(209, 197, 196)"
Chaise Mauve,6016,#C1B2B3,"rgb(193, 178, 179)"
Intuitive,6017,#B3A3A5,"rgb(179, 163, 165)"
Enigma,6018,#8B7C7E,"rgb(139, 124, 126)"
Poetry Plum,6019,#6F5C5F,"rgb(111, 92, 95)"
Marooned,6020,#4E3132,"rgb(78, 49, 50)"
Dreamy White,6021,#E3D9D5,"rgb(227, 217, 213)"
Breathless,6022,#D6C2BE,"rgb(214, 194, 190)"
Insightful Rose,6023,#C9B0AB,"rgb(201, 176, 171)"
Dressy Rose,6024,#B89D9A,"rgb(184, 157, 154)"
Socialite,6025,#907676,"rgb(144, 118, 118)"
River Rouge,6026,#76595D,"rgb(118, 89, 93)"
Cordovan,6027,#5F3D3F,"rgb(95, 61, 63)"
Cultured Pearl,6028,#E5DCD6,"rgb(229, 220, 214)"
White Truffle,6029,#D7C8C2,"rgb(215, 200, 194)"
Artistic Taupe,6030,#C3B1AC,"rgb(195, 177, 172)"
Glamour,6031,#B6A09A,"rgb(182, 160, 154)"
Dutch Cocoa,6032,#8C706A,"rgb(140, 112, 106)"
Bateau Brown,6033,#7A5F5A,"rgb(122, 95, 90)"
Arresting Auburn,6034,#5A3532,"rgb(90, 53, 50)"
Gauzy White,6035,#E3DBD4,"rgb(227, 219, 212)"
Angora,6036,#D1C5BE,"rgb(209, 197, 190)"
Temperate Taupe,6037,#BFB1AA,"rgb(191, 177, 170)"
Truly Taupe,6038,#AC9E97,"rgb(172, 158, 151)"
Poised Taupe,6039,#8C7E78,"rgb(140, 126, 120)"
Less Brown,6040,#756761,"rgb(117, 103, 97)"
Otter,6041,#56433B,"rgb(86, 67, 59)"
Hush White,6042,#E5DAD4,"rgb(229, 218, 212)"
Unfussy Beige,6043,#D6C8C0,"rgb(214, 200, 192)"
Doeskin,6044,#C6B3A9,"rgb(198, 179, 169)"
Emerging Taupe,6045,#B8A196,"rgb(184, 161, 150)"
Swing Brown,6046,#947569,"rgb(148, 117, 105)"
Hot Cocoa,6047,#806257,"rgb(128, 98, 87)"
Terra Brun,6048,#5A382D,"rgb(90, 56, 45)"
Gorgeous White,6049,#E7DBD3,"rgb(231, 219, 211)"
Abalone Shell,6050,#DBC7BD,"rgb(219, 199, 189)"
Sashay Sand,6051,#CFB4A8,"rgb(207, 180, 168)"
Sandbank,6052,#C3A497,"rgb(195, 164, 151)"
Reddened Earth,6053,#9C6E63,"rgb(156, 110, 99)"
Canyon Clay,6054,#85594F,"rgb(133, 89, 79)"
Fiery Brown,6055,#5D3831,"rgb(93, 56, 49)"
Polite White,6056,#E9DDD4,"rgb(233, 221, 212)"
Malted Milk,6057,#DECABD,"rgb(222, 202, 189)"
Likeable Sand,6058,#D1B7A8,"rgb(209, 183, 168)"
Interface Tan,6059,#C1A392,"rgb(193, 163, 146)"
Moroccan Brown,6060,#9D7868,"rgb(157, 120, 104)"
Tanbark,6061,#896656,"rgb(137, 102, 86)"
Rugged Brown,6062,#694336,"rgb(105, 67, 54)"
Nice White,6063,#E6DDD5,"rgb(230, 221, 213)"
Reticence,6064,#D9CDC3,"rgb(217, 205, 195)"
Bona Fide Beige,6065,#CBB9AB,"rgb(203, 185, 171)"
Sand Trap,6066,#BBA595,"rgb(187, 165, 149)"
Mocha,6067,#967A6A,"rgb(150, 122, 106)"
Brevity Brown,6068,#715243,"rgb(113, 82, 67)"
French Roast,6069,#4F3426,"rgb(79, 52, 38)"
Heron Plume,6070,#E5E1D8,"rgb(229, 225, 216)"
Popular Gray,6071,#D4CCC3,"rgb(212, 204, 195)"
Versatile Gray,6072,#C1B6AB,"rgb(193, 182, 171)"
Perfect Greige,6073,#B7AB9F,"rgb(183, 171, 159)"
Spalding Gray,6074,#8D7F75,"rgb(141, 127, 117)"
Garret Gray,6075,#756861,"rgb(117, 104, 97)"
Turkish Coffee,6076,#4D3930,"rgb(77, 57, 48)"
Everyday White,6077,#E4DCD4,"rgb(228, 220, 212)"
Realist Beige,6078,#D3C8BD,"rgb(211, 200, 189)"
Diverse Beige,6079,#C2B4A7,"rgb(194, 180, 167)"
Utterly Beige,6080,#B5A597,"rgb(181, 165, 151)"
Down Home,6081,#907865,"rgb(144, 120, 101)"
Cobble Brown,6082,#7A6455,"rgb(122, 100, 85)"
Sable,6083,#5F4B3F,"rgb(95, 75, 63)"
Modest White,6084,#E6DDD4,"rgb(230, 221, 212)"
Simplify Beige,6085,#D6C7B9,"rgb(214, 199, 185)"
Sand Dune,6086,#C5B1A2,"rgb(197, 177, 162)"
Trusty Tan,6087,#B59F8F,"rgb(181, 159, 143)"
Nuthatch,6088,#8E725F,"rgb(142, 114, 95)"
Grounded,6089,#785B47,"rgb(120, 91, 71)"
Java,6090,#634533,"rgb(99, 69, 51)"
Reliable White,6091,#E8DED3,"rgb(232, 222, 211)"
Lightweight Beige,6092,#DAC8B8,"rgb(218, 200, 184)"
Familiar Beige,6093,#CAB3A0,"rgb(202, 179, 160)"
Sensational Sand,6094,#BFA38D,"rgb(191, 163, 141)"
Toasty,6095,#957258,"rgb(149, 114, 88)"
Jute Brown,6096,#815D40,"rgb(129, 93, 64)"
Sturdy Brown,6097,#69482C,"rgb(105, 72, 44)"
Pacer White,6098,#E5DDD0,"rgb(229, 221, 208)"
Sand Dollar,6099,#D7C5B3,"rgb(215, 197, 179)"
Practical Beige,6100,#C9B29C,"rgb(201, 178, 156)"
Sands of Time,6101,#BCA38B,"rgb(188, 163, 139)"
Portabello,6102,#947A62,"rgb(148, 122, 98)"
Tea Chest,6103,#7D644D,"rgb(125, 100, 77)"
Kaffee,6104,#65503D,"rgb(101, 80, 61)"
Divine White,6105,#E6DCCD,"rgb(230, 220, 205)"
Kilim Beige,6106,#D7C5AE,"rgb(215, 197, 174)"
Nomadic Desert,6107,#C7B198,"rgb(199, 177, 152)"
Latte,6108,#BAA185,"rgb(186, 161, 133)"
Hopsack,6109,#9E8163,"rgb(158, 129, 99)"
Steady Brown,6110,#8A6B4D,"rgb(138, 107, 77)"
Coconut Husk,6111,#70573F,"rgb(112, 87, 63)"
Biscuit,6112,#EBDDCB,"rgb(235, 221, 203)"
Interactive Cream,6113,#E4CAAD,"rgb(228, 202, 173)"
Bagel,6114,#D7B593,"rgb(215, 181, 147)"
Totally Tan,6115,#CCA683,"rgb(204, 166, 131)"
Tatami Tan,6116,#BA8C64,"rgb(186, 140, 100)"
Smokey Topaz,6117,#A57955,"rgb(165, 121, 85)"
Leather Bound,6118,#8D623D,"rgb(141, 98, 61)"
Antique White,6119,#E8DCC6,"rgb(232, 220, 198)"
Believable Buff,6120,#DBC7A8,"rgb(219, 199, 168)"
Whole Wheat,6121,#CDB592,"rgb(205, 181, 146)"
Camelback,6122,#C5AA85,"rgb(197, 170, 133)"
Baguette,6123,#B39167,"rgb(179, 145, 103)"
Cardboard,6124,#9C7A56,"rgb(156, 122, 86)"
Craft Paper,6125,#8A6645,"rgb(138, 102, 69)"
Navajo White,6126,#E9DCC6,"rgb(233, 220, 198)"
Ivoire,6127,#E4CEAC,"rgb(228, 206, 172)"
Blonde,6128,#DCBD92,"rgb(220, 189, 146)"
Restrained Gold,6129,#D2B084,"rgb(210, 176, 132)"
Mannered Gold,6130,#C19763,"rgb(193, 151, 99)"
Chamois,6131,#AD8451,"rgb(173, 132, 81)"
Relic Bronze,6132,#906A3A,"rgb(144, 106, 58)"
Muslin,6133,#EADFC9,"rgb(234, 223, 201)"
Netsuke,6134,#E0CFB0,"rgb(224, 207, 176)"
Ecru,6135,#D0BA94,"rgb(208, 186, 148)"
Harmonic Tan,6136,#C6B08A,"rgb(198, 176, 138)"
Burlap,6137,#AC9571,"rgb(172, 149, 113)"
Artifact,6138,#9A815E,"rgb(154, 129, 94)"
Mossy Gold,6139,#7F6743,"rgb(127, 103, 67)"
Moderate White,6140,#E9DECF,"rgb(233, 222, 207)"
Softer Tan,6141,#DACAB2,"rgb(218, 202, 178)"
Macadamia,6142,#CCB79B,"rgb(204, 183, 155)"
Basket Beige,6143,#C0A98B,"rgb(192, 169, 139)"
Dapper Tan,6144,#947F65,"rgb(148, 127, 101)"
Thatch Brown,6145,#867057,"rgb(134, 112, 87)"
Umber,6146,#6E543C,"rgb(110, 84, 60)"
Panda White,6147,#EAE2D4,"rgb(234, 226, 212)"
Wool Skein,6148,#D9CFBA,"rgb(217, 207, 186)"
Relaxed Khaki,6149,#C8BBA3,"rgb(200, 187, 163)"
Universal Khaki,6150,#B8A992,"rgb(184, 169, 146)"
Quiver Tan,6151,#8E7F6A,"rgb(142, 127, 106)"
Superior Bronze,6152,#786957,"rgb(120, 105, 87)"
Protégé Bronze,6153,#66543E,"rgb(102, 84, 62)"
Nacre,6154,#E8E2D4,"rgb(232, 226, 212)"
Rice Grain,6155,#DBD0B9,"rgb(219, 208, 185)"
Ramie,6156,#CDBDA2,"rgb(205, 189, 162)"
Favorite Tan,6157,#C1AE91,"rgb(193, 174, 145)"
Sawdust,6158,#998970,"rgb(153, 137, 112)"
High Tea,6159,#7E6F59,"rgb(126, 111, 89)"
Best Bronze,6160,#5D513E,"rgb(93, 81, 62)"
Nonchalant White,6161,#DEDDD1,"rgb(222, 221, 209)"
Ancient Marble,6162,#D1CCB9,"rgb(209, 204, 185)"
Grassland,6163,#C1BCA7,"rgb(193, 188, 167)"
Svelte Sage,6164,#B2AC96,"rgb(178, 172, 150)"
Connected Gray,6165,#898473,"rgb(137, 132, 115)"
Eclipse,6166,#6B6757,"rgb(107, 103, 87)"
Garden Gate,6167,#5E5949,"rgb(94, 89, 73)"
Moderne White,6168,#E2E0D7,"rgb(226, 224, 215)"
Sedate Gray,6169,#D1CDBF,"rgb(209, 205, 191)"
Techno Gray,6170,#BFB9AA,"rgb(191, 185, 170)"
Chatroom,6171,#B0AB9C,"rgb(176, 171, 156)"
Hardware,6172,#8B8372,"rgb(139, 131, 114)"
Cocoon,6173,#726B5B,"rgb(114, 107, 91)"
Andiron,6174,#424036,"rgb(66, 64, 54)"
Sagey,6175,#E2E2D1,"rgb(226, 226, 209)"
Liveable Green,6176,#CECEBD,"rgb(206, 206, 189)"
Softened Green,6177,#BBBCA7,"rgb(187, 188, 167)"
Clary Sage,6178,#ACAD97,"rgb(172, 173, 151)"
Artichoke,6179,#7F8266,"rgb(127, 130, 102)"
Oakmoss,6180,#65684C,"rgb(101, 104, 76)"
Secret Garden,6181,#4F523A,"rgb(79, 82, 58)"
Ethereal White,6182,#E3E2D9,"rgb(227, 226, 217)"
Conservative Gray,6183,#D1D0C6,"rgb(209, 208, 198)"
Austere Gray,6184,#BEBFB2,"rgb(190, 191, 178)"
Escape Gray,6185,#ABAC9F,"rgb(171, 172, 159)"
Dried Thyme,6186,#7B8070,"rgb(123, 128, 112)"
Rosemary,6187,#64695C,"rgb(100, 105, 92)"
Shade Grown,6188,#4E5147,"rgb(78, 81, 71)"
Opaline,6189,#DCDFD7,"rgb(220, 223, 215)"
Filmy Green,6190,#D1D3C7,"rgb(209, 211, 199)"
Contented,6191,#BDC0B3,"rgb(189, 192, 179)"
Coastal Plain,6192,#9FA694,"rgb(159, 166, 148)"
Privilege Green,6193,#7A8775,"rgb(122, 135, 117)"
Basil,6194,#626E60,"rgb(98, 110, 96)"
Rock Garden,6195,#465448,"rgb(70, 84, 72)"
Frosty White,6196,#DDDDD6,"rgb(221, 221, 214)"
Aloof Gray,6197,#C9C9C0,"rgb(201, 201, 192)"
Sensible Hue,6198,#B6B5AB,"rgb(182, 181, 171)"
Rare Gray,6199,#A6A69B,"rgb(166, 166, 155)"
Link Gray,6200,#7F7E72,"rgb(127, 126, 114)"
Thunderous,6201,#6D6C62,"rgb(109, 108, 98)"
Cast Iron,6202,#64645A,"rgb(100, 100, 90)"
Spare White,6203,#E4E4DD,"rgb(228, 228, 221)"
Sea Salt,6204,#CDD2CA,"rgb(205, 210, 202)"
Comfort Gray,6205,#BEC3BB,"rgb(190, 195, 187)"
Oyster Bay,6206,#AEB3A9,"rgb(174, 179, 169)"
Retreat,6207,#7A8076,"rgb(122, 128, 118)"
Pewter Green,6208,#5E6259,"rgb(94, 98, 89)"
Ripe Olive,6209,#44483D,"rgb(68, 72, 61)"
Window Pane,6210,#D7DFD8,"rgb(215, 223, 216)"
Rainwashed,6211,#C2CDC5,"rgb(194, 205, 197)"
Quietude,6212,#ADBBB2,"rgb(173, 187, 178)"
Halcyon Green,6213,#9BAAA2,"rgb(155, 170, 162)"
Underseas,6214,#7C8E87,"rgb(124, 142, 135)"
Rocky River,6215,#5E706A,"rgb(94, 112, 106)"
Jasper,6216,#343B36,"rgb(52, 59, 54)"
Topsail,6217,#DAE2E0,"rgb(218, 226, 224)"
Tradewind,6218,#C2CFCF,"rgb(194, 207, 207)"
Rain,6219,#ABBEBF,"rgb(171, 190, 191)"
Interesting Aqua,6220,#9BAFB2,"rgb(155, 175, 178)"
Moody Blue,6221,#7A9192,"rgb(122, 145, 146)"
Riverway,6222,#5D7274,"rgb(93, 114, 116)"
Still Water,6223,#4A5D5F,"rgb(74, 93, 95)"
Mountain Air,6224,#D8E0DF,"rgb(216, 224, 223)"
Sleepy Blue,6225,#BCCBCE,"rgb(188, 203, 206)"
Languid Blue,6226,#A4B7BD,"rgb(164, 183, 189)"
Meditative,6227,#96AAB0,"rgb(150, 170, 176)"
Refuge,6228,#607D84,"rgb(96, 125, 132)"
Tempe Star,6229,#47626A,"rgb(71, 98, 106)"
Rainstorm,6230,#244653,"rgb(36, 70, 83)"
Rock Candy,6231,#DEE1DF,"rgb(222, 225, 223)"
Misty,6232,#CDD2D2,"rgb(205, 210, 210)"
Samovar Silver,6233,#B8BEBE,"rgb(184, 190, 190)"
Uncertain Gray,6234,#A9B0B1,"rgb(169, 176, 177)"
Foggy Day,6235,#727C7F,"rgb(114, 124, 127)"
Grays Harbor,6236,#596368,"rgb(89, 99, 104)"
Dark Night,6237,#23383F,"rgb(35, 56, 63)"
Icicle,6238,#DBDFE0,"rgb(219, 223, 224)"
Upward,6239,#BFC9D0,"rgb(191, 201, 208)"
Windy Blue,6240,#AABAC6,"rgb(170, 186, 198)"
Aleutian,6241,#98A9B7,"rgb(152, 169, 183)"
Bracing Blue,6242,#768B9A,"rgb(118, 139, 154)"
Distance,6243,#5D6F7F,"rgb(93, 111, 127)"
Naval,6244,#2F3D4C,"rgb(47, 61, 76)"
Quicksilver,6245,#DDE2E0,"rgb(221, 226, 224)"
North Star,6246,#CAD0D2,"rgb(202, 208, 210)"
Krypton,6247,#B8C0C3,"rgb(184, 192, 195)"
Jubilee,6248,#ADB5B9,"rgb(173, 181, 185)"
Storm Cloud,6249,#7A848D,"rgb(122, 132, 141)"
Granite Peak,6250,#606B75,"rgb(96, 107, 117)"
Outerspace,6251,#586168,"rgb(88, 97, 104)"
Ice Cube,6252,#E3E4E1,"rgb(227, 228, 225)"
Olympus White,6253,#D4D8D7,"rgb(212, 216, 215)"
Lazy Gray,6254,#BEC1C3,"rgb(190, 193, 195)"
Morning Fog,6255,#A8AEB1,"rgb(168, 174, 177)"
Serious Gray,6256,#7D848B,"rgb(125, 132, 139)"
Gibraltar,6257,#626970,"rgb(98, 105, 112)"
Tricorn Black,6258,#2F2F30,"rgb(47, 47, 48)"
Spatial White,6259,#DDDCDB,"rgb(221, 220, 219)"
Unique Gray,6260,#CBC9C9,"rgb(203, 201, 201)"
Swanky Gray,6261,#B5B1B5,"rgb(181, 177, 181)"
Mysterious Mauve,6262,#A6A3A9,"rgb(166, 163, 169)"
Exclusive Plum,6263,#736F78,"rgb(115, 111, 120)"
Midnight,6264,#5D5962,"rgb(93, 89, 98)"
Quixotic Plum,6265,#4A4653,"rgb(74, 70, 83)"
Sensitive Tint,6267,#CEC9CC,"rgb(206, 201, 204)"
Veiled Violet,6268,#BDB5B9,"rgb(189, 181, 185)"
Beguiling Mauve,6269,#AFA7AC,"rgb(175, 167, 172)"
Soulmate,6270,#85777B,"rgb(133, 119, 123)"
Expressive Plum,6271,#695C62,"rgb(105, 92, 98)"
Plum Brown,6272,#4E4247,"rgb(78, 66, 71)"
Destiny,6274,#CFC9C8,"rgb(207, 201, 200)"
Fashionable Gray,6275,#BDB8B8,"rgb(189, 184, 184)"
Mystical Shade,6276,#AEA9AA,"rgb(174, 169, 170)"
Special Gray,6277,#7B787D,"rgb(123, 120, 125)"
Cloak Gray,6278,#605E63,"rgb(96, 94, 99)"
Black Swan,6279,#3A373E,"rgb(58, 55, 62)"
Wallflower,6281,#DBCFD4,"rgb(219, 207, 212)"
Mauve Finery,6282,#CBB8C0,"rgb(203, 184, 192)"
Thistle,6283,#AA8E9A,"rgb(170, 142, 154)"
Plum Dandy,6284,#8B6878,"rgb(139, 104, 120)"
Grape Harvest,6285,#7E5A6D,"rgb(126, 90, 109)"
Mature Grape,6286,#5F3F54,"rgb(95, 63, 84)"
Rosebud,6288,#E0CDD1,"rgb(224, 205, 209)"
Delightful,6289,#D2B6BE,"rgb(210, 182, 190)"
Rosé,6290,#B995A1,"rgb(185, 149, 161)"
Moss Rose,6291,#9E6D79,"rgb(158, 109, 121)"
Berry Bush,6292,#8D5869,"rgb(141, 88, 105)"
Fabulous Grape,6293,#6D344F,"rgb(109, 52, 79)"
Demure,6295,#E8D4D5,"rgb(232, 212, 213)"
Fading Rose,6296,#DABDC1,"rgb(218, 189, 193)"
Rose Embroidery,6297,#C79EA2,"rgb(199, 158, 162)"
Concerto,6298,#9E6B75,"rgb(158, 107, 117)"
Aged Wine,6299,#895460,"rgb(137, 84, 96)"
Burgundy,6300,#63333E,"rgb(99, 51, 62)"
Innocence,6302,#EBD1CF,"rgb(235, 209, 207)"
Rose Colored,6303,#DCB6B5,"rgb(220, 182, 181)"
Pressed Flower,6304,#C39393,"rgb(195, 147, 147)"
Rambling Rose,6305,#995D62,"rgb(153, 93, 98)"
Cordial,6306,#864C52,"rgb(134, 76, 82)"
Fine Wine,6307,#723941,"rgb(114, 57, 65)"
Charming Pink,6309,#EDD3D2,"rgb(237, 211, 210)"
Lotus Flower,6310,#E6BDBD,"rgb(230, 189, 189)"
Memorable Rose,6311,#CF8A8D,"rgb(207, 138, 141)"
Redbud,6312,#AD5E65,"rgb(173, 94, 101)"
Kirsch Red,6313,#974953,"rgb(151, 73, 83)"
Luxurious Red,6314,#863A42,"rgb(134, 58, 66)"
Rosy Outlook,6316,#EBCECB,"rgb(235, 206, 203)"
Gracious Rose,6317,#E3B7B1,"rgb(227, 183, 177)"
Resounding Rose,6318,#CD8E89,"rgb(205, 142, 137)"
Reddish,6319,#B56966,"rgb(181, 105, 102)"
Bravado Red,6320,#A0524E,"rgb(160, 82, 78)"
Red Bay,6321,#8E3738,"rgb(142, 55, 56)"
Intimate White,6322,#F0E1D8,"rgb(240, 225, 216)"
Romance,6323,#EBCFC3,"rgb(235, 207, 195)"
Mellow Coral,6324,#E3B5A8,"rgb(227, 181, 168)"
Constant Coral,6325,#CD8E7F,"rgb(205, 142, 127)"
Henna Shade,6326,#B3675D,"rgb(179, 103, 93)"
Bold Brick,6327,#A0584F,"rgb(160, 88, 79)"
Fireweed,6328,#7B3730,"rgb(123, 55, 48)"
Faint Coral,6329,#EEDED5,"rgb(238, 222, 213)"
Quaint Peche,6330,#EACDC1,"rgb(234, 205, 193)"
Smoky Salmon,6331,#E2B6A7,"rgb(226, 182, 167)"
Coral Island,6332,#CE9382,"rgb(206, 147, 130)"
Foxy,6333,#A85E53,"rgb(168, 94, 83)"
Flower Pot,6334,#8F4438,"rgb(143, 68, 56)"
Fired Brick,6335,#83382A,"rgb(131, 56, 42)"
Nearly Peach,6336,#EFDED1,"rgb(239, 222, 209)"
Spun Sugar,6337,#EDD2C0,"rgb(237, 210, 192)"
Warming Peach,6338,#E4B9A2,"rgb(228, 185, 162)"
Persimmon,6339,#D9987C,"rgb(217, 152, 124)"
Baked Clay,6340,#C1785C,"rgb(193, 120, 92)"
Red Cent,6341,#AD654C,"rgb(173, 101, 76)"
Spicy Hue,6342,#994B35,"rgb(153, 75, 53)"
Alluring White,6343,#EFE1D2,"rgb(239, 225, 210)"
Peach Fuzz,6344,#ECCFBB,"rgb(236, 207, 187)"
Sumptuous Peach,6345,#E5B99B,"rgb(229, 185, 155)"
Fame Orange,6346,#DB9C7B,"rgb(219, 156, 123)"
Chrysanthemum,6347,#C47B5B,"rgb(196, 123, 91)"
Reynard,6348,#B46848,"rgb(180, 104, 72)"
Pennywise,6349,#A2583A,"rgb(162, 88, 58)"
Intricate Ivory,6350,#EDDDCA,"rgb(237, 221, 202)"
Sweet Orange,6351,#EBCCB3,"rgb(235, 204, 179)"
Soft Apricot,6352,#E0B392,"rgb(224, 179, 146)"
Chivalry Copper,6353,#D4966E,"rgb(212, 150, 110)"
Armagnac,6354,#C38058,"rgb(195, 128, 88)"
Truepenny,6355,#B46C42,"rgb(180, 108, 66)"
Copper Mountain,6356,#A6613C,"rgb(166, 97, 60)"
Choice Cream,6357,#F0E1D0,"rgb(240, 225, 208)"
Creamery,6358,#EDD0B6,"rgb(237, 208, 182)"
Sociable,6359,#E8BE9B,"rgb(232, 190, 155)"
Folksy Gold,6360,#D69969,"rgb(214, 153, 105)"
Autumnal,6361,#CD8C5D,"rgb(205, 140, 93)"
Tigereye,6362,#BB7748,"rgb(187, 119, 72)"
Gingery,6363,#B06C3E,"rgb(176, 108, 62)"
Eggwhite,6364,#F3E5D2,"rgb(243, 229, 210)"
Cachet Cream,6365,#F3D9BA,"rgb(243, 217, 186)"
Ambitious Amber,6366,#F0CB97,"rgb(240, 203, 151)"
Viva Gold,6367,#E3AC72,"rgb(227, 172, 114)"
Bakelite Gold,6368,#D7995D,"rgb(215, 153, 93)"
Tassel,6369,#C6884A,"rgb(198, 136, 74)"
Saucy Gold,6370,#B6743B,"rgb(182, 116, 59)"
Vanillin,6371,#F2E3CA,"rgb(242, 227, 202)"
Inviting Ivory,6372,#F2D5B0,"rgb(242, 213, 176)"
Harvester,6373,#EDC38E,"rgb(237, 195, 142)"
Torchlight,6374,#E5AE6B,"rgb(229, 174, 107)"
Honeycomb,6375,#D59858,"rgb(213, 152, 88)"
Gold Coast,6376,#C78538,"rgb(199, 133, 56)"
Butterscotch,6377,#B67D3C,"rgb(182, 125, 60)"
Crisp Linen,6378,#F3E6D4,"rgb(243, 230, 212)"
Jersey Cream,6379,#F5DEBB,"rgb(245, 222, 187)"
Humble Gold,6380,#EDC796,"rgb(237, 199, 150)"
Anjou Pear,6381,#DDAC6D,"rgb(221, 172, 109)"
Ceremonial Gold,6382,#D69E59,"rgb(214, 158, 89)"
Golden Rule,6383,#CC9249,"rgb(204, 146, 73)"
Cut the Mustard,6384,#BA7F38,"rgb(186, 127, 56)"
Dover White,6385,#F0EADC,"rgb(240, 234, 220)"
Napery,6386,#EFDDC1,"rgb(239, 221, 193)"
Compatible Cream,6387,#E8C89E,"rgb(232, 200, 158)"
Golden Fleece,6388,#D6AD78,"rgb(214, 173, 120)"
Butternut,6389,#CC9B5C,"rgb(204, 155, 92)"
Bosc Pear,6390,#C09056,"rgb(192, 144, 86)"
Gallant Gold,6391,#A4763C,"rgb(164, 118, 60)"
Vital Yellow,6392,#EDE0C5,"rgb(237, 224, 197)"
Convivial Yellow,6393,#E9D6B0,"rgb(233, 214, 176)"
Sequin,6394,#E1C28D,"rgb(225, 194, 141)"
Alchemy,6395,#C99E53,"rgb(201, 158, 83)"
Different Gold,6396,#BC934D,"rgb(188, 147, 77)"
Nankeen,6397,#AA803A,"rgb(170, 128, 58)"
Sconce Gold,6398,#996F32,"rgb(153, 111, 50)"
Chamomile,6399,#E9E0C5,"rgb(233, 224, 197)"
Lucent Yellow,6400,#E4D0A5,"rgb(228, 208, 165)"
Independent Gold,6401,#D2BA83,"rgb(210, 186, 131)"
Antiquity,6402,#C2A462,"rgb(194, 164, 98)"
Escapade Gold,6403,#B89B59,"rgb(184, 155, 89)"
Grandiose,6404,#9C7F41,"rgb(156, 127, 65)"
Fervent Brass,6405,#95793D,"rgb(149, 121, 61)"
Ionic Ivory,6406,#E7DFC5,"rgb(231, 223, 197)"
Ancestral Gold,6407,#DDCDA6,"rgb(221, 205, 166)"
Wheat Grass,6408,#CBB584,"rgb(203, 181, 132)"
Edgy Gold,6409,#B1975F,"rgb(177, 151, 95)"
Brassy,6410,#9D8344,"rgb(157, 131, 68)"
Bengal Grass,6411,#8E773F,"rgb(142, 119, 63)"
Eminent Bronze,6412,#7A6841,"rgb(122, 104, 65)"
Restoration Ivory,6413,#E9E1CA,"rgb(233, 225, 202)"
Rice Paddy,6414,#DFD4B0,"rgb(223, 212, 176)"
Hearts of Palm,6415,#CFC291,"rgb(207, 194, 145)"
Sassy Green,6416,#BBA86A,"rgb(187, 168, 106)"
Tupelo Tree,6417,#9C9152,"rgb(156, 145, 82)"
Rural Green,6418,#8D844D,"rgb(141, 132, 77)"
Saguaro,6419,#655F2D,"rgb(101, 95, 45)"
Queen Anne's Lace,6420,#ECEAD5,"rgb(236, 234, 213)"
Celery,6421,#E0DDBD,"rgb(224, 221, 189)"
Shagreen,6422,#CBC99D,"rgb(203, 201, 157)"
Ryegrass,6423,#AEAC7A,"rgb(174, 172, 122)"
Tansy Green,6424,#95945C,"rgb(149, 148, 92)"
Relentless Olive,6425,#71713E,"rgb(113, 113, 62)"
Basque Green,6426,#5F6033,"rgb(95, 96, 51)"
Sprout,6427,#E4E4CE,"rgb(228, 228, 206)"
Honeydew,6428,#DBDDBD,"rgb(219, 221, 189)"
Baize Green,6429,#C7CDA8,"rgb(199, 205, 168)"
Great Green,6430,#ABB486,"rgb(171, 180, 134)"
Leapfrog,6431,#88915D,"rgb(136, 145, 93)"
Garden Spot,6432,#6D7645,"rgb(109, 118, 69)"
Inverness,6433,#576238,"rgb(87, 98, 56)"
Spinach White,6434,#E4E8DA,"rgb(228, 232, 218)"
Gratifying Green,6435,#DAE2CD,"rgb(218, 226, 205)"
Bonsai Tint,6436,#C5D1B2,"rgb(197, 209, 178)"
Haven,6437,#A3B48C,"rgb(163, 180, 140)"
Dill,6438,#788D60,"rgb(120, 141, 96)"
Greenfield,6439,#60724F,"rgb(96, 114, 79)"
Courtyard,6440,#475842,"rgb(71, 88, 66)"
White Mint,6441,#E0E7DA,"rgb(224, 231, 218)"
Supreme Green,6442,#CFDDC7,"rgb(207, 221, 199)"
Relish,6443,#B3CBAA,"rgb(179, 203, 170)"
Lounge Green,6444,#8BA97F,"rgb(139, 169, 127)"
Garden Grove,6445,#5E7F57,"rgb(94, 127, 87)"
Arugula,6446,#42603C,"rgb(66, 96, 60)"
Evergreens,6447,#405840,"rgb(64, 88, 64)"
Topiary Tint,6449,#C8D8C4,"rgb(200, 216, 196)"
Easy Green,6450,#ACC2A8,"rgb(172, 194, 168)"
Nurture Green,6451,#98B092,"rgb(152, 176, 146)"
Inland,6452,#6C8867,"rgb(108, 136, 103)"
Cilantro,6453,#537150,"rgb(83, 113, 80)"
Shamrock,6454,#205134,"rgb(32, 81, 52)"
Fleeting Green,6455,#D8E2D8,"rgb(216, 226, 216)"
Slow Green,6456,#C6D5C9,"rgb(198, 213, 201)"
Kind Green,6457,#AAC2B3,"rgb(170, 194, 179)"
Restful,6458,#91AF9D,"rgb(145, 175, 157)"
Jadite,6459,#61826C,"rgb(97, 130, 108)"
Kale Green,6460,#4F6A56,"rgb(79, 106, 86)"
Isle of Pines,6461,#3D5541,"rgb(61, 85, 65)"
Green Trance,6462,#D7E4DB,"rgb(215, 228, 219)"
Breaktime,6463,#C4D9CE,"rgb(196, 217, 206)"
Aloe,6464,#ACCABC,"rgb(172, 202, 188)"
Spearmint,6465,#94B5A6,"rgb(148, 181, 166)"
Grandview,6466,#6B927F,"rgb(107, 146, 127)"
Kendal Green,6467,#547867,"rgb(84, 120, 103)"
Hunt Club,6468,#2A4F43,"rgb(42, 79, 67)"
Waterscape,6470,#BFD2C9,"rgb(191, 210, 201)"
Hazel,6471,#A8C1B7,"rgb(168, 193, 183)"
Composed,6472,#7EA298,"rgb(126, 162, 152)"
Surf Green,6473,#5F887D,"rgb(95, 136, 125)"
Raging Sea,6474,#476F65,"rgb(71, 111, 101)"
Country Squire,6475,#124A42,"rgb(18, 74, 66)"
Glimmer,6476,#E0E7E2,"rgb(224, 231, 226)"
Tidewater,6477,#C3D7D3,"rgb(195, 215, 211)"
Watery,6478,#B4CCC9,"rgb(180, 204, 201)"
Drizzle,6479,#8CAEAB,"rgb(140, 174, 171)"
Lagoon,6480,#518682,"rgb(81, 134, 130)"
Green Bay,6481,#2E6864,"rgb(46, 104, 100)"
Cape Verde,6482,#01554F,"rgb(1, 85, 79)"
Meander Blue,6484,#BEDBD8,"rgb(190, 219, 216)"
Raindrop,6485,#9EC6C6,"rgb(158, 198, 198)"
Reflecting Pool,6486,#7BB1B2,"rgb(123, 177, 178)"
Cloudburst,6487,#5C9598,"rgb(92, 149, 152)"
Grand Canal,6488,#3C797D,"rgb(60, 121, 125)"
Really Teal,6489,#016367,"rgb(1, 99, 103)"
Open Air,6491,#C7DFE0,"rgb(199, 223, 224)"
Jetstream,6492,#B0D2D6,"rgb(176, 210, 214)"
Ebbtide,6493,#84B4BE,"rgb(132, 180, 190)"
Lakeshore,6494,#5B96A2,"rgb(91, 150, 162)"
Great Falls,6495,#217786,"rgb(33, 119, 134)"
Oceanside,6496,#015A6B,"rgb(1, 90, 107)"
Blue Horizon,6497,#D8E7E6,"rgb(216, 231, 230)"
Byte Blue,6498,#C5DCE0,"rgb(197, 220, 224)"
Stream,6499,#ADCCD3,"rgb(173, 204, 211)"
Open Seas,6500,#83AFBC,"rgb(131, 175, 188)"
Manitou Blue,6501,#5B92A2,"rgb(91, 146, 162)"
Loch Blue,6502,#2F778B,"rgb(47, 119, 139)"
Bosporus,6503,#015D75,"rgb(1, 93, 117)"
Sky High,6504,#DCE7E8,"rgb(220, 231, 232)"
Atmospheric,6505,#C2DAE0,"rgb(194, 218, 224)"
Vast Sky,6506,#A9C9D7,"rgb(169, 201, 215)"
Resolute Blue,6507,#85B0C4,"rgb(133, 176, 196)"
Secure Blue,6508,#5389A1,"rgb(83, 137, 161)"
Georgian Bay,6509,#22657F,"rgb(34, 101, 127)"
Loyal Blue,6510,#01455E,"rgb(1, 69, 94)"
Snowdrop,6511,#E0E8E7,"rgb(224, 232, 231)"
Balmy,6512,#C5D8DE,"rgb(197, 216, 222)"
Take Five,6513,#B3C9D3,"rgb(179, 201, 211)"
Respite,6514,#97B4C3,"rgb(151, 180, 195)"
Leisure Blue,6515,#6A8EA1,"rgb(106, 142, 161)"
Down Pour,6516,#43718B,"rgb(67, 113, 139)"
Regatta,6517,#215772,"rgb(33, 87, 114)"
Hinting Blue,6519,#CED9DD,"rgb(206, 217, 221)"
Honest Blue,6520,#B2C7D3,"rgb(178, 199, 211)"
Notable Hue,6521,#8BA7BB,"rgb(139, 167, 187)"
Sporty Blue,6522,#6A8AA4,"rgb(106, 138, 164)"
Denim,6523,#506B84,"rgb(80, 107, 132)"
Commodore,6524,#25476A,"rgb(37, 71, 106)"
Rarified Air,6525,#E1E6E6,"rgb(225, 230, 230)"
Icelandic,6526,#CBD8E1,"rgb(203, 216, 225)"
Blissful Blue,6527,#B2C8D8,"rgb(178, 200, 216)"
Cosmos,6528,#8EA9C2,"rgb(142, 169, 194)"
Scanda,6529,#6B8CA9,"rgb(107, 140, 169)"
Revel Blue,6530,#4C6B8A,"rgb(76, 107, 138)"
Indigo,6531,#284A70,"rgb(40, 74, 112)"
Mild Blue,6533,#CBD5DB,"rgb(203, 213, 219)"
Icy,6534,#BBC7D2,"rgb(187, 199, 210)"
Solitude,6535,#99A7B8,"rgb(153, 167, 184)"
Searching Blue,6536,#6C7F9A,"rgb(108, 127, 154)"
Luxe Blue,6537,#516582,"rgb(81, 101, 130)"
Dignified,6538,#3B496D,"rgb(59, 73, 109)"
Starry Night,6540,#D6D9DE,"rgb(214, 217, 222)"
Daydream,6541,#BDC3CD,"rgb(189, 195, 205)"
Vesper Violet,6542,#99A0B2,"rgb(153, 160, 178)"
Soulful Blue,6543,#757C91,"rgb(117, 124, 145)"
Mesmerize,6544,#5D657B,"rgb(93, 101, 123)"
Majestic Purple,6545,#3B3C5A,"rgb(59, 60, 90)"
Silver Peony,6547,#DAD6DB,"rgb(218, 214, 219)"
Grape Mist,6548,#C5C0C9,"rgb(197, 192, 201)"
Ash Violet,6549,#A29BAA,"rgb(162, 155, 170)"
Mythical,6550,#7E778E,"rgb(126, 119, 142)"
Purple Passage,6551,#645E77,"rgb(100, 94, 119)"
Dewberry,6552,#3E385A,"rgb(62, 56, 90)"
Lite Lavender,6554,#E0DADF,"rgb(224, 218, 223)"
Enchant,6555,#D1C6D2,"rgb(209, 198, 210)"
Obi Lilac,6556,#B0A3B6,"rgb(176, 163, 182)"
Wood Violet,6557,#7A6B85,"rgb(122, 107, 133)"
Plummy,6558,#675A75,"rgb(103, 90, 117)"
Concord Grape,6559,#443757,"rgb(68, 55, 87)"
Teaberry,6561,#EBD1DB,"rgb(235, 209, 219)"
Irresistible,6562,#E3C0CF,"rgb(227, 192, 207)"
Rosebay,6563,#CB9AAD,"rgb(203, 154, 173)"
Red Clover,6564,#B87E93,"rgb(184, 126, 147)"
Grandeur Plum,6565,#92576F,"rgb(146, 87, 111)"
Framboise,6566,#7C3655,"rgb(124, 54, 85)"
Lighthearted Pink,6568,#EDD5DD,"rgb(237, 213, 221)"
Childlike,6569,#E8C0CF,"rgb(232, 192, 207)"
Haute Pink,6570,#D899B1,"rgb(216, 153, 177)"
Cyclamen,6571,#C47B95,"rgb(196, 123, 149)"
Ruby Shade,6572,#A2566F,"rgb(162, 86, 111)"
Juneberry,6573,#854158,"rgb(133, 65, 88)"
Priscilla,6575,#F1D3DA,"rgb(241, 211, 218)"
Azalea Flower,6576,#EFC0CB,"rgb(239, 192, 203)"
Jaipur Pink,6577,#E392A1,"rgb(227, 146, 161)"
Tuberose,6578,#D47C8C,"rgb(212, 124, 140)"
Gala Pink,6579,#B04B63,"rgb(176, 75, 99)"
Cerise,6580,#99324E,"rgb(153, 50, 78)"
Impatiens Petal,6582,#F1D2D7,"rgb(241, 210, 215)"
In the Pink,6583,#F0BCC9,"rgb(240, 188, 201)"
Cheery,6584,#EB92A3,"rgb(235, 146, 163)"
Coming up Roses,6585,#DD7788,"rgb(221, 119, 136)"
Heartfelt,6586,#BD4C5F,"rgb(189, 76, 95)"
Valentine,6587,#A53A4E,"rgb(165, 58, 78)"
Alyssum,6589,#F2D5D7,"rgb(242, 213, 215)"
Loveable,6590,#F0C1C6,"rgb(240, 193, 198)"
Amaryllis,6591,#ED939D,"rgb(237, 147, 157)"
Grenadine,6592,#D66972,"rgb(214, 105, 114)"
Coral Bells,6593,#BB4B51,"rgb(187, 75, 81)"
Poinsettia,6594,#9D373C,"rgb(157, 55, 60)"
Bella Pink,6596,#F1C6C4,"rgb(241, 198, 196)"
Hopeful,6597,#F0B3B2,"rgb(240, 179, 178)"
Dishy Coral,6598,#ED9190,"rgb(237, 145, 144)"
Begonia,6599,#D76C6E,"rgb(215, 108, 110)"
Enticing Red,6600,#B74E4F,"rgb(183, 78, 79)"
Tanager,6601,#A43834,"rgb(164, 56, 52)"
Oleander,6603,#F2CCC5,"rgb(242, 204, 197)"
Youthful Coral,6604,#F0AFA8,"rgb(240, 175, 168)"
Charisma,6605,#EE9489,"rgb(238, 148, 137)"
Coral Reef,6606,#D9766C,"rgb(217, 118, 108)"
Red Tomato,6607,#B24743,"rgb(178, 71, 67)"
Rave Red,6608,#A13B34,"rgb(161, 59, 52)"
Koral Kicks,6610,#F2D1C3,"rgb(242, 209, 195)"
Jovial,6611,#F2B8A7,"rgb(242, 184, 167)"
Ravishing Coral,6612,#E79580,"rgb(231, 149, 128)"
Lei Flower,6613,#D87B6A,"rgb(216, 123, 106)"
Quite Coral,6614,#C76356,"rgb(199, 99, 86)"
Peppery,6615,#B85444,"rgb(184, 84, 68)"
Blushing,6617,#F0D1C3,"rgb(240, 209, 195)"
Cosmetic Peach,6618,#F3C1AB,"rgb(243, 193, 171)"
Sockeye,6619,#E49780,"rgb(228, 151, 128)"
Rejuvenate,6620,#DD7861,"rgb(221, 120, 97)"
Emotional,6621,#C65F47,"rgb(198, 95, 71)"
Hearty Orange,6622,#B44B34,"rgb(180, 75, 52)"
Peach Blossom,6624,#F3D0BD,"rgb(243, 208, 189)"
Certain Peach,6625,#F2BDA2,"rgb(242, 189, 162)"
Sunset,6626,#E2946F,"rgb(226, 148, 111)"
Emberglow,6627,#D67C56,"rgb(214, 124, 86)"
Robust Orange,6628,#C4633E,"rgb(196, 99, 62)"
Jalapeño,6629,#B1533C,"rgb(177, 83, 60)"
Naive Peach,6631,#F3D3BF,"rgb(243, 211, 191)"
Neighborly Peach,6632,#F3C1A3,"rgb(243, 193, 163)"
Inventive Orange,6633,#E89D6F,"rgb(232, 157, 111)"
Copper Harbor,6634,#D57E52,"rgb(213, 126, 82)"
Determined Orange,6635,#C56639,"rgb(197, 102, 57)"
Husky Orange,6636,#BB613E,"rgb(187, 97, 62)"
Flattering Peach,6638,#F4D3B3,"rgb(244, 211, 179)"
Avid Apricot,6639,#F4C69F,"rgb(244, 198, 159)"
Tangerine,6640,#F2AC78,"rgb(242, 172, 120)"
Outgoing Orange,6641,#E6955F,"rgb(230, 149, 95)"
Rhumba Orange,6642,#CB7841,"rgb(203, 120, 65)"
Yam,6643,#C36F3E,"rgb(195, 111, 62)"
Champagne,6644,#F2E3CE,"rgb(242, 227, 206)"
Flan,6652,#F4D4AF,"rgb(244, 212, 175)"
Delicious Melon,6653,#F5C894,"rgb(245, 200, 148)"
Surprise Amber,6654,#EFB57A,"rgb(239, 181, 122)"
Adventure Orange,6655,#E69F5F,"rgb(230, 159, 95)"
Serape,6656,#D88B4D,"rgb(216, 139, 77)"
Amber Wave,6657,#D28240,"rgb(210, 130, 64)"
Welcome White,6658,#F3E3CA,"rgb(243, 227, 202)"
Captivating Cream,6659,#F4D9B1,"rgb(244, 217, 177)"
Honey Blush,6660,#F5CF9B,"rgb(245, 207, 155)"
Papaya,6661,#EFB97B,"rgb(239, 185, 123)"
Summer Day,6662,#EAAA62,"rgb(234, 170, 98)"
Saffron Thread,6663,#DF984E,"rgb(223, 152, 78)"
Marigold,6664,#D28233,"rgb(210, 130, 51)"
Gardenia,6665,#F3E2C9,"rgb(243, 226, 201)"
Enjoyable Yellow,6666,#F5D6A9,"rgb(245, 214, 169)"
Afterglow,6667,#F6CD8E,"rgb(246, 205, 142)"
Sunrise,6668,#F4BF77,"rgb(244, 191, 119)"
Yarrow,6669,#EBAD5E,"rgb(235, 173, 94)"
Gold Crest,6670,#DF9938,"rgb(223, 153, 56)"
Curry,6671,#D88F32,"rgb(216, 143, 50)"
Morning Sun,6672,#F3E6CE,"rgb(243, 230, 206)"
Banana Cream,6673,#F5DEAF,"rgb(245, 222, 175)"
Jonquil,6674,#F7D391,"rgb(247, 211, 145)"
Afternoon,6675,#FBCB78,"rgb(251, 203, 120)"
Butterfield,6676,#F7BE5B,"rgb(247, 190, 91)"
Goldenrod,6677,#F2AF46,"rgb(242, 175, 70)"
Sunflower,6678,#E39A33,"rgb(227, 154, 51)"
Full Moon,6679,#F4E3BC,"rgb(244, 227, 188)"
Friendly Yellow,6680,#F5E0B1,"rgb(245, 224, 177)"
Butter Up,6681,#F6DDA3,"rgb(246, 221, 163)"
June Day,6682,#F6C973,"rgb(246, 201, 115)"
Bee,6683,#F1BA55,"rgb(241, 186, 85)"
Brittlebush,6684,#EAAE47,"rgb(234, 174, 71)"
Trinket,6685,#D69835,"rgb(214, 152, 53)"
Lemon Chiffon,6686,#F5E5BC,"rgb(245, 229, 188)"
Lantern Light,6687,#F4E1AE,"rgb(244, 225, 174)"
Solaria,6688,#F5D68F,"rgb(245, 214, 143)"
Overjoy,6689,#EEC25F,"rgb(238, 194, 95)"
Gambol Gold,6690,#E1B047,"rgb(225, 176, 71)"
Glitzy Gold,6691,#D6A02B,"rgb(214, 160, 43)"
Auric,6692,#C48919,"rgb(196, 137, 25)"
Lily,6693,#F3E8C2,"rgb(243, 232, 194)"
Glad Yellow,6694,#F5E1AC,"rgb(245, 225, 172)"
Midday,6695,#F7D78A,"rgb(247, 215, 138)"
Quilt Gold,6696,#EAC365,"rgb(234, 195, 101)"
Nugget,6697,#DBB04A,"rgb(219, 176, 74)"
Kingdom Gold,6698,#D1A436,"rgb(209, 164, 54)"
Crispy Gold,6699,#C49832,"rgb(196, 152, 50)"
Daybreak,6700,#F3EAC6,"rgb(243, 234, 198)"
Moonraker,6701,#EEE3B2,"rgb(238, 227, 178)"
Lively Yellow,6702,#E6D88E,"rgb(230, 216, 142)"
Frolic,6703,#D9C661,"rgb(217, 198, 97)"
Hep Green,6704,#C4B146,"rgb(196, 177, 70)"
High Strung,6705,#AC9825,"rgb(172, 152, 37)"
Offbeat Green,6706,#9C8B1F,"rgb(156, 139, 31)"
Springtime,6708,#E9E5B3,"rgb(233, 229, 179)"
Gleeful,6709,#DAD790,"rgb(218, 215, 144)"
Mélange Green,6710,#C4C476,"rgb(196, 196, 118)"
Parakeet,6711,#B4B05A,"rgb(180, 176, 90)"
Luau Green,6712,#989746,"rgb(152, 151, 70)"
Verdant,6713,#847E35,"rgb(132, 126, 53)"
Lime Granita,6715,#DCE1B8,"rgb(220, 225, 184)"
Dancing Green,6716,#C5CD8F,"rgb(197, 205, 143)"
Lime Rickey,6717,#AFB96A,"rgb(175, 185, 106)"
Overt Green,6718,#97A554,"rgb(151, 165, 84)"
Gecko,6719,#7A8833,"rgb(122, 136, 51)"
Paradise,6720,#6C7B30,"rgb(108, 123, 48)"
Cucumber,6722,#D3DFC3,"rgb(211, 223, 195)"
Jardin,6723,#BDD0AB,"rgb(189, 208, 171)"
Mesclun Green,6724,#9DB682,"rgb(157, 182, 130)"
Pickle,6725,#85A16A,"rgb(133, 161, 106)"
Talipot Palm,6726,#648149,"rgb(100, 129, 73)"
Houseplant,6727,#58713F,"rgb(88, 113, 63)"
Lacewing,6729,#D7E3CA,"rgb(215, 227, 202)"
Romaine,6730,#C0D2AD,"rgb(192, 210, 173)"
Picnic,6731,#99C285,"rgb(153, 194, 133)"
Organic Green,6732,#7FAC6E,"rgb(127, 172, 110)"
Grasshopper,6733,#4F854A,"rgb(79, 133, 74)"
Espalier,6734,#2F5F3A,"rgb(47, 95, 58)"
Jocular Green,6736,#CCE2CA,"rgb(204, 226, 202)"
Kiwi,6737,#AED2B0,"rgb(174, 210, 176)"
Vegan,6738,#8EC298,"rgb(142, 194, 152)"
Eco Green,6739,#68A678,"rgb(104, 166, 120)"
Kilkenny,6740,#498555,"rgb(73, 133, 85)"
Derbyshire,6741,#245E36,"rgb(36, 94, 54)"
Mint Condition,6743,#D1E3D2,"rgb(209, 227, 210)"
Reclining Green,6744,#B7D7BF,"rgb(183, 215, 191)"
Lark Green,6745,#8AC1A1,"rgb(138, 193, 161)"
Julep,6746,#57AA80,"rgb(87, 170, 128)"
Argyle,6747,#348A5D,"rgb(52, 138, 93)"
Greens,6748,#016844,"rgb(1, 104, 68)"
Embellished Blue,6749,#D7EBE2,"rgb(215, 235, 226)"
Waterfall,6750,#C0E3DA,"rgb(192, 227, 218)"
Refresh,6751,#A1D4C8,"rgb(161, 212, 200)"
Larchmere,6752,#70BAA7,"rgb(112, 186, 167)"
Jargon Jade,6753,#53A38F,"rgb(83, 163, 143)"
Ionian,6754,#368976,"rgb(54, 137, 118)"
Starboard,6755,#016C4F,"rgb(1, 108, 79)"
Tame Teal,6757,#C1E6DF,"rgb(193, 230, 223)"
Aqueduct,6758,#A1D5CB,"rgb(161, 213, 203)"
Cooled Blue,6759,#75B9AE,"rgb(117, 185, 174)"
Rivulet,6760,#61A89D,"rgb(97, 168, 157)"
Thermal Spring,6761,#3B8C80,"rgb(59, 140, 128)"
Poseidon,6762,#016D60,"rgb(1, 109, 96)"
Swimming,6764,#C2E5E5,"rgb(194, 229, 229)"
Spa,6765,#A7DCDC,"rgb(167, 220, 220)"
Mariner,6766,#6EC2C4,"rgb(110, 194, 196)"
Aquarium,6767,#3AA9AE,"rgb(58, 169, 174)"
Gulfstream,6768,#01858B,"rgb(1, 133, 139)"
Maxi Teal,6769,#017478,"rgb(1, 116, 120)"
Bathe Blue,6771,#C2E0E3,"rgb(194, 224, 227)"
Cay,6772,#A6D0D6,"rgb(166, 208, 214)"
Rapture Blue,6773,#7DC1CB,"rgb(125, 193, 203)"
Freshwater,6774,#4DA6B2,"rgb(77, 166, 178)"
Briny,6775,#08808E,"rgb(8, 128, 142)"
Blue Nile,6776,#01717E,"rgb(1, 113, 126)"
Aviary Blue,6778,#C6E3E8,"rgb(198, 227, 232)"
Liquid Blue,6779,#A6D4DE,"rgb(166, 212, 222)"
Nautilus,6780,#71B8C7,"rgb(113, 184, 199)"
Jamaica Bay,6781,#34A3B6,"rgb(52, 163, 182)"
Cruising,6782,#018498,"rgb(1, 132, 152)"
Amalfi,6783,#016E85,"rgb(1, 110, 133)"
Bravo Blue,6784,#D3E7E9,"rgb(211, 231, 233)"
Quench Blue,6785,#B4E0E7,"rgb(180, 224, 231)"
Cloudless,6786,#8FD0DD,"rgb(143, 208, 221)"
Fountain,6787,#56B5CA,"rgb(86, 181, 202)"
Capri,6788,#01A0B8,"rgb(1, 160, 184)"
Blue Mosque,6789,#01819E,"rgb(1, 129, 158)"
Adriatic Sea,6790,#016081,"rgb(1, 96, 129)"
Minor Blue,6792,#B7DFE8,"rgb(183, 223, 232)"
Bluebell,6793,#A2D5E7,"rgb(162, 213, 231)"
Flyway,6794,#5DB3D4,"rgb(93, 179, 212)"
Major Blue,6795,#289EC4,"rgb(40, 158, 196)"
Blue Plate,6796,#017CA7,"rgb(1, 124, 167)"
Jay Blue,6797,#015D87,"rgb(1, 93, 135)"
Iceberg,6798,#D6E4E7,"rgb(214, 228, 231)"
Soar,6799,#C3DFE8,"rgb(195, 223, 232)"
Something Blue,6800,#B0D6E6,"rgb(176, 214, 230)"
Regale Blue,6801,#7DB5D3,"rgb(125, 181, 211)"
Jacaranda,6802,#5A9EC0,"rgb(90, 158, 192)"
Danube,6803,#2377A2,"rgb(35, 119, 162)"
Dignity Blue,6804,#094C73,"rgb(9, 76, 115)"
Rhythmic Blue,6806,#CCDBE5,"rgb(204, 219, 229)"
Wondrous Blue,6807,#B8CDDD,"rgb(184, 205, 221)"
Celestial,6808,#97B3D0,"rgb(151, 179, 208)"
Lobelia,6809,#7498BE,"rgb(116, 152, 190)"
Lupine,6810,#4E739F,"rgb(78, 115, 159)"
Honorable Blue,6811,#164576,"rgb(22, 69, 118)"
Wishful Blue,6813,#D8DDE6,"rgb(216, 221, 230)"
Breathtaking,6814,#C7D1E2,"rgb(199, 209, 226)"
Awesome Violet,6815,#A7B2D4,"rgb(167, 178, 212)"
Dahlia,6816,#8B98C4,"rgb(139, 152, 196)"
Gentian,6817,#6572A5,"rgb(101, 114, 165)"
Valiant Violet,6818,#3E4371,"rgb(62, 67, 113)"
Inspired Lilac,6820,#DFD9E4,"rgb(223, 217, 228)"
Potentially Purple,6821,#D1CBDF,"rgb(209, 203, 223)"
Wisteria,6822,#BDB4D4,"rgb(189, 180, 212)"
Brave Purple,6823,#968DB8,"rgb(150, 141, 184)"
Forget Me Not,6824,#716998,"rgb(113, 105, 152)"
Izmir Purple,6825,#4D426E,"rgb(77, 66, 110)"
Elation,6827,#DFDCE5,"rgb(223, 220, 229)"
Rhapsody Lilac,6828,#D2C8DD,"rgb(210, 200, 221)"
Magical,6829,#C0AFD0,"rgb(192, 175, 208)"
Kismet,6830,#A18AB7,"rgb(161, 138, 183)"
Clematis,6831,#7E6596,"rgb(126, 101, 150)"
Impulsive Purple,6832,#624977,"rgb(98, 73, 119)"
Spangle,6834,#E5DBE5,"rgb(229, 219, 229)"
Euphoric Lilac,6835,#DAC7DA,"rgb(218, 199, 218)"
Novel Lilac,6836,#C2A4C2,"rgb(194, 164, 194)"
Baroness,6837,#A785A7,"rgb(167, 133, 167)"
Vigorous Violet,6838,#7C5A7E,"rgb(124, 90, 126)"
Kimono Violet,6839,#5D395F,"rgb(93, 57, 95)"
Exuberant Pink,6840,#B54D7F,"rgb(181, 77, 127)"
Dynamo,6841,#953D68,"rgb(149, 61, 104)"
Forward Fuchsia,6842,#92345B,"rgb(146, 52, 91)"
Hot,6843,#AC4362,"rgb(172, 67, 98)"
Dragon Fruit,6855,#CC617F,"rgb(204, 97, 127)"
Eros Pink,6860,#C84F68,"rgb(200, 79, 104)"
Radish,6861,#A42E41,"rgb(164, 46, 65)"
Cherries Jubilee,6862,#AB3C51,"rgb(171, 60, 81)"
Heartthrob,6866,#A82E33,"rgb(168, 46, 51)"
Real Red,6868,#BF2D32,"rgb(191, 45, 50)"
Stop,6869,#C33A36,"rgb(195, 58, 54)"
Positive Red,6871,#AD2C34,"rgb(173, 44, 52)"
Comical Coral,6876,#F3D1C8,"rgb(243, 209, 200)"
Cayenne,6881,#C04D35,"rgb(192, 77, 53)"
Raucous Orange,6883,#C35530,"rgb(195, 85, 48)"
Obstinate Orange,6884,#D7552A,"rgb(215, 85, 42)"
Knockout Orange,6885,#E16F3E,"rgb(225, 111, 62)"
Invigorate,6886,#E47237,"rgb(228, 114, 55)"
Navel,6887,#EC8430,"rgb(236, 132, 48)"
Osage Orange,6890,#F4A045,"rgb(244, 160, 69)"
Carnival,6892,#EB882C,"rgb(235, 136, 44)"
Sole,6896,#F7DDA1,"rgb(247, 221, 161)"
Optimistic Yellow,6900,#F5E1A6,"rgb(245, 225, 166)"
Daffodil,6901,#FAD97A,"rgb(250, 217, 122)"
Decisive Yellow,6902,#FDCC4E,"rgb(253, 204, 78)"
Cheerful,6903,#FFC723,"rgb(255, 199, 35)"
Gusto Gold,6904,#F8AC1D,"rgb(248, 172, 29)"
Goldfinch,6905,#FDB702,"rgb(253, 183, 2)"
Forsythia,6907,#FFC801,"rgb(255, 200, 1)"
Fun Yellow,6908,#F7E594,"rgb(247, 229, 148)"
Lemon Twist,6909,#FED95D,"rgb(254, 217, 93)"
Daisy,6910,#FED340,"rgb(254, 211, 64)"
Confident Yellow,6911,#FECB01,"rgb(254, 203, 1)"
Funky Yellow,6913,#EDD26F,"rgb(237, 210, 111)"
Eye Catching,6914,#DDB835,"rgb(221, 184, 53)"
Citronella,6915,#CBA901,"rgb(203, 169, 1)"
Humorous Green,6918,#C6B836,"rgb(198, 184, 54)"
Center Stage,6920,#B2C216,"rgb(178, 194, 22)"
Electric Lime,6921,#9ABA25,"rgb(154, 186, 37)"
Direct Green,6924,#3F8A24,"rgb(63, 138, 36)"
Envy,6925,#358C3F,"rgb(53, 140, 63)"
Lucky Green,6926,#238652,"rgb(35, 134, 82)"
Greenbelt,6927,#017244,"rgb(1, 114, 68)"
Green Vibes,6928,#D4E7C3,"rgb(212, 231, 195)"
Tantalizing Teal,6937,#87DCCE,"rgb(135, 220, 206)"
Nifty Turquoise,6941,#019187,"rgb(1, 145, 135)"
Splashy,6942,#019196,"rgb(1, 145, 150)"
Intense Teal,6943,#017680,"rgb(1, 118, 128)"
Calypso,6950,#01B0BB,"rgb(1, 176, 187)"
Undercool,6957,#7FC3E1,"rgb(127, 195, 225)"
Dynamic Blue,6958,#0192C6,"rgb(1, 146, 198)"
Blue Chip,6959,#016EA7,"rgb(1, 110, 167)"
Hyper Blue,6965,#015F97,"rgb(1, 95, 151)"
Blueblood,6966,#015086,"rgb(1, 80, 134)"
Frank Blue,6967,#225288,"rgb(34, 82, 136)"
Hyacinth Tint,6968,#C2CBE0,"rgb(194, 203, 224)"
Morning Glory,6971,#3C4C80,"rgb(60, 76, 128)"
Free Spirit,6973,#CAB2D2,"rgb(202, 178, 210)"
Passionate Purple,6981,#795484,"rgb(121, 84, 132)"
African Violet,6982,#665385,"rgb(102, 83, 133)"
Fully Purple,6983,#514C7E,"rgb(81, 76, 126)"
Jitterbug Jade,6987,#019D6E,"rgb(1, 157, 110)"
Bohemian Black,6988,#3B373C,"rgb(59, 55, 60)"
Domino,6989,#353337,"rgb(53, 51, 55)"
Caviar,6990,#313031,"rgb(49, 48, 49)"
Black Magic,6991,#323132,"rgb(50, 49, 50)"
Inkwell,6992,#31363A,"rgb(49, 54, 58)"
Black of Night,6993,#323639,"rgb(50, 54, 57)"
Greenblack,6994,#373A3A,"rgb(55, 58, 58)"
Ibis White,7000,#F2ECE6,"rgb(242, 236, 230)"
Marshmallow,7001,#EEE9E0,"rgb(238, 233, 224)"
Downy,7002,#EFE8DD,"rgb(239, 232, 221)"
Toque White,7003,#E7E2DA,"rgb(231, 226, 218)"
Snowbound,7004,#EDEAE5,"rgb(237, 234, 229)"
Pure White,7005,#EDECE6,"rgb(237, 236, 230)"
Extra White,7006,#EEEFEA,"rgb(238, 239, 234)"
Ceiling Bright White,7007,#E9EBE7,"rgb(233, 235, 231)"
Alabaster,7008,#EDEAE0,"rgb(237, 234, 224)"
Pearly White,7009,#E8E3D9,"rgb(232, 227, 217)"
White Duck,7010,#E5DFD2,"rgb(229, 223, 210)"
Natural Choice,7011,#E3DED0,"rgb(227, 222, 208)"
Creamy,7012,#EFE8DB,"rgb(239, 232, 219)"
Ivory Lace,7013,#ECE5D8,"rgb(236, 229, 216)"
Eider White,7014,#E2DED8,"rgb(226, 222, 216)"
Repose Gray,7015,#CCC9C0,"rgb(204, 201, 192)"
Mindful Gray,7016,#BCB7AD,"rgb(188, 183, 173)"
Dorian Gray,7017,#ACA79E,"rgb(172, 167, 158)"
Dovetail,7018,#908A83,"rgb(144, 138, 131)"
Gauntlet Gray,7019,#78736E,"rgb(120, 115, 110)"
Black Fox,7020,#4F4842,"rgb(79, 72, 66)"
Simple White,7021,#DFD9D2,"rgb(223, 217, 210)"
Alpaca,7022,#CCC5BD,"rgb(204, 197, 189)"
Requisite Gray,7023,#B9B2A9,"rgb(185, 178, 169)"
Functional Gray,7024,#ABA39A,"rgb(171, 163, 154)"
Backdrop,7025,#867A6F,"rgb(134, 122, 111)"
Griffin,7026,#6F6459,"rgb(111, 100, 89)"
Well-Bred Brown,7027,#564537,"rgb(86, 69, 55)"
Incredible White,7028,#E3DED7,"rgb(227, 222, 215)"
Agreeable Gray,7029,#D1CBC1,"rgb(209, 203, 193)"
Anew Gray,7030,#BFB6AA,"rgb(191, 182, 170)"
Mega Greige,7031,#ADA295,"rgb(173, 162, 149)"
Warm Stone,7032,#887B6C,"rgb(136, 123, 108)"
Brainstorm Bronze,7033,#74685A,"rgb(116, 104, 90)"
Status Bronze,7034,#5C4D3C,"rgb(92, 77, 60)"
Aesthetic White,7035,#E3DDD3,"rgb(227, 221, 211)"
Accessible Beige,7036,#D1C7B8,"rgb(209, 199, 184)"
Balanced Beige,7037,#C0B2A2,"rgb(192, 178, 162)"
Tony Taupe,7038,#B1A290,"rgb(177, 162, 144)"
Virtual Taupe,7039,#8A7A6A,"rgb(138, 122, 106)"
Smokehouse,7040,#716354,"rgb(113, 99, 84)"
Van Dyke Brown,7041,#564536,"rgb(86, 69, 54)"
Shoji White,7042,#E6DFD3,"rgb(230, 223, 211)"
Worldly Gray,7043,#CEC6BB,"rgb(206, 198, 187)"
Amazing Gray,7044,#BEB5A9,"rgb(190, 181, 169)"
Intellectual Gray,7045,#A8A093,"rgb(168, 160, 147)"
Anonymous,7046,#817A6E,"rgb(129, 122, 110)"
Porpoise,7047,#6B645B,"rgb(107, 100, 91)"
Urbane Bronze,7048,#54504A,"rgb(84, 80, 74)"
Nuance,7049,#E2E0D6,"rgb(226, 224, 214)"
Useful Gray,7050,#CFCABD,"rgb(207, 202, 189)"
Analytical Gray,7051,#BFB6A7,"rgb(191, 182, 167)"
Gray Area,7052,#AFA696,"rgb(175, 166, 150)"
Adaptive Shade,7053,#867E70,"rgb(134, 126, 112)"
Suitable Brown,7054,#645A4B,"rgb(100, 90, 75)"
Enduring Bronze,7055,#554C3E,"rgb(85, 76, 62)"
Reserved White,7056,#E0E0D9,"rgb(224, 224, 217)"
Silver Strand,7057,#C8CBC4,"rgb(200, 203, 196)"
Magnetic Gray,7058,#B2B5AF,"rgb(178, 181, 175)"
Unusual Gray,7059,#A3A7A0,"rgb(163, 167, 160)"
Attitude Gray,7060,#7C7D75,"rgb(124, 125, 117)"
Night Owl,7061,#63655F,"rgb(99, 101, 95)"
Rock Bottom,7062,#484C49,"rgb(72, 76, 73)"
Nebulous White,7063,#DEDFDC,"rgb(222, 223, 220)"
Passive,7064,#CBCCC9,"rgb(203, 204, 201)"
Argos,7065,#BDBDB7,"rgb(189, 189, 183)"
Gray Matters,7066,#A7A8A2,"rgb(167, 168, 162)"
Cityscape,7067,#7F817E,"rgb(127, 129, 126)"
Grizzle Gray,7068,#636562,"rgb(99, 101, 98)"
Iron Ore,7069,#434341,"rgb(67, 67, 65)"
Site White,7070,#DCDEDC,"rgb(220, 222, 220)"
Gray Screen,7071,#C6CACA,"rgb(198, 202, 202)"
Online,7072,#B0B5B5,"rgb(176, 181, 181)"
Network Gray,7073,#A0A5A7,"rgb(160, 165, 167)"
Software,7074,#7F8486,"rgb(127, 132, 134)"
Web Gray,7075,#616669,"rgb(97, 102, 105)"
Cyberspace,7076,#44484D,"rgb(68, 72, 77)"
Original White,7077,#E2DEDB,"rgb(226, 222, 219)"
Minute Mauve,7078,#CFC9C8,"rgb(207, 201, 200)"
Ponder,7079,#BCB6B6,"rgb(188, 182, 182)"
Quest Gray,7080,#ADA5A5,"rgb(173, 165, 165)"
Sensuous Gray,7081,#837D7F,"rgb(131, 125, 127)"
Stunning Shade,7082,#676064,"rgb(103, 96, 100)"
Darkroom,7083,#443E40,"rgb(68, 62, 64)"
Arcade White,7100,#F3EEE7,"rgb(243, 238, 231)"
Futon,7101,#EDE6DB,"rgb(237, 230, 219)"
White Flour,7102,#F4EFE5,"rgb(244, 239, 229)"
Whitetail,7103,#F4EFE4,"rgb(244, 239, 228)"
Cotton White,7104,#F7EFE3,"rgb(247, 239, 227)"
Paperwhite,7105,#F7EFDE,"rgb(247, 239, 222)"
Honied White,7106,#F8EEDB,"rgb(248, 238, 219)"
Threshold Taupe,7501,#AC9A8A,"rgb(172, 154, 138)"
Dry Dock,7502,#A18D7D,"rgb(161, 141, 125)"
Sticks & Stones,7503,#A49689,"rgb(164, 150, 137)"
Keystone Gray,7504,#9E9284,"rgb(158, 146, 132)"
Manor House,7505,#665D57,"rgb(102, 93, 87)"
Loggia,7506,#C4B7A5,"rgb(196, 183, 165)"
Stone Lion,7507,#B3A491,"rgb(179, 164, 145)"
Tavern Taupe,7508,#9C8A79,"rgb(156, 138, 121)"
Tiki Hut,7509,#826F5E,"rgb(130, 111, 94)"
Chateau Brown,7510,#5B4B44,"rgb(91, 75, 68)"
Bungalow Beige,7511,#CDBFB0,"rgb(205, 191, 176)"
Pavilion Beige,7512,#C5B6A4,"rgb(197, 182, 164)"
Sanderling,7513,#A79582,"rgb(167, 149, 130)"
Foothills,7514,#827466,"rgb(130, 116, 102)"
Homestead Brown,7515,#6E5F53,"rgb(110, 95, 83)"
Kestrel White,7516,#E0D6C8,"rgb(224, 214, 200)"
China Doll,7517,#DBCEBD,"rgb(219, 206, 189)"
Beach House,7518,#C9B29C,"rgb(201, 178, 156)"
Mexican Sand,7519,#AF9781,"rgb(175, 151, 129)"
Plantation Shutters,7520,#6A5143,"rgb(106, 81, 67)"
Dormer Brown,7521,#AD947C,"rgb(173, 148, 124)"
Meadowlark,7522,#9F8267,"rgb(159, 130, 103)"
Burnished Brandy,7523,#7C5C43,"rgb(124, 92, 67)"
Dhurrie Beige,7524,#CABAA8,"rgb(202, 186, 168)"
Tree Branch,7525,#8A7362,"rgb(138, 115, 98)"
Maison Blanche,7526,#DFD2BF,"rgb(223, 210, 191)"
Nantucket Dune,7527,#D0BFAA,"rgb(208, 191, 170)"
Windsor Greige,7528,#C4B49C,"rgb(196, 180, 156)"
Sand Beach,7529,#D4C5AD,"rgb(212, 197, 173)"
Barcelona Beige,7530,#C4B39C,"rgb(196, 179, 156)"
Canvas Tan,7531,#DCD1BF,"rgb(220, 209, 191)"
Urban Putty,7532,#CFC0AB,"rgb(207, 192, 171)"
Khaki Shade,7533,#C0AF97,"rgb(192, 175, 151)"
Outerbanks,7534,#B7A48B,"rgb(183, 164, 139)"
Sandy Ridge,7535,#A18E77,"rgb(161, 142, 119)"
Bittersweet Stem,7536,#CBB49A,"rgb(203, 180, 154)"
Irish Cream,7537,#E3D2B8,"rgb(227, 210, 184)"
Tamarind,7538,#C0A588,"rgb(192, 165, 136)"
Cork Wedge,7539,#C1A98A,"rgb(193, 169, 138)"
Artisan Tan,7540,#B09879,"rgb(176, 152, 121)"
Grecian Ivory,7541,#D8CFBE,"rgb(216, 207, 190)"
Naturel,7542,#CBC0AD,"rgb(203, 192, 173)"
Avenue Tan,7543,#BCB099,"rgb(188, 176, 153)"
Fenland,7544,#AC9D83,"rgb(172, 157, 131)"
Pier,7545,#63523D,"rgb(99, 82, 61)"
Prairie Grass,7546,#B1A38E,"rgb(177, 163, 142)"
Sandbar,7547,#CBBFAD,"rgb(203, 191, 173)"
Portico,7548,#BBAB95,"rgb(187, 171, 149)"
Studio Taupe,7549,#AD9C85,"rgb(173, 156, 133)"
Resort Tan,7550,#907D66,"rgb(144, 125, 102)"
Greek Villa,7551,#F0ECE2,"rgb(240, 236, 226)"
Bauhaus Buff,7552,#E7DBCC,"rgb(231, 219, 204)"
Fragile Beauty,7553,#E7D7C6,"rgb(231, 215, 198)"
Steamed Milk,7554,#ECE1D1,"rgb(236, 225, 209)"
Patience,7555,#E2D3BF,"rgb(226, 211, 191)"
Creme,7556,#F4E8D2,"rgb(244, 232, 210)"
Summer White,7557,#F4E9D6,"rgb(244, 233, 214)"
Medici Ivory,7558,#F3E9D7,"rgb(243, 233, 215)"
Décor White,7559,#F2E5CF,"rgb(242, 229, 207)"
Impressive Ivory,7560,#F4DEC3,"rgb(244, 222, 195)"
Lemon Meringue,7561,#F5EACC,"rgb(245, 234, 204)"
Roman Column,7562,#F6F0E2,"rgb(246, 240, 226)"
Restful White,7563,#EEE8D7,"rgb(238, 232, 215)"
Polar Bear,7564,#E8DFCA,"rgb(232, 223, 202)"
Oyster Bar,7565,#DBD0BB,"rgb(219, 208, 187)"
Westhighland White,7566,#F3EEE3,"rgb(243, 238, 227)"
Natural Tan,7567,#DCD2C3,"rgb(220, 210, 195)"
Neutral Ground,7568,#E2DACA,"rgb(226, 218, 202)"
Stucco,7569,#DCCFBA,"rgb(220, 207, 186)"
Egret White,7570,#DFD9CF,"rgb(223, 217, 207)"
Casa Blanca,7571,#EDE1CE,"rgb(237, 225, 206)"
Lotus Pod,7572,#E7D7C2,"rgb(231, 215, 194)"
Eaglet Beige,7573,#E9D9C0,"rgb(233, 217, 192)"
Echelon Ecru,7574,#E7D8BE,"rgb(231, 216, 190)"
Chopsticks,7575,#E0D1B8,"rgb(224, 209, 184)"
Blackberry,7577,#533640,"rgb(83, 54, 64)"
Borscht,7578,#72353D,"rgb(114, 53, 61)"
Alaea,7579,#81585B,"rgb(129, 88, 91)"
Carnelian,7580,#573E3E,"rgb(87, 62, 62)"
Salute,7582,#803532,"rgb(128, 53, 50)"
Wild Currant,7583,#7C3239,"rgb(124, 50, 57)"
Red Theatre,7584,#6E3637,"rgb(110, 54, 55)"
Sun Dried Tomato,7585,#692B2B,"rgb(105, 43, 43)"
Stolen Kiss,7586,#813235,"rgb(129, 50, 53)"
Antique Red,7587,#9F4442,"rgb(159, 68, 66)"
Show Stopper,7588,#A42E37,"rgb(164, 46, 55)"
Habanero Chile,7589,#B8473D,"rgb(184, 71, 61)"
Red Barn,7591,#7C453D,"rgb(124, 69, 61)"
Crabby Apple,7592,#753531,"rgb(117, 53, 49)"
Rustic Red,7593,#703229,"rgb(112, 50, 41)"
Carriage Door,7594,#6E423E,"rgb(110, 66, 62)"
Sommelier,7595,#5D3736,"rgb(93, 55, 54)"
Only Natural,7596,#E2D3C4,"rgb(226, 211, 196)"
Sierra Redwood,7598,#924E3C,"rgb(146, 78, 60)"
Brick Paver,7599,#93402F,"rgb(147, 64, 47)"
Bolero,7600,#903934,"rgb(144, 57, 52)"
Dockside Blue,7601,#A0B3BC,"rgb(160, 179, 188)"
Indigo Batik,7602,#3E5063,"rgb(62, 80, 99)"
Poolhouse,7603,#8095A0,"rgb(128, 149, 160)"
Smoky Blue,7604,#596E79,"rgb(89, 110, 121)"
Gale Force,7605,#35454E,"rgb(53, 69, 78)"
Blue Cruise,7606,#6591A8,"rgb(101, 145, 168)"
Santorini Blue,7607,#416D83,"rgb(65, 109, 131)"
Adrift,7608,#87AAB9,"rgb(135, 170, 185)"
Georgian Revival Blue,7609,#5B8D9F,"rgb(91, 141, 159)"
Turkish Tile,7610,#3E758A,"rgb(62, 117, 138)"
Tranquil Aqua,7611,#7C9AA0,"rgb(124, 154, 160)"
Mountain Stream,7612,#679199,"rgb(103, 145, 153)"
Aqua Sphere,7613,#9CB0B3,"rgb(156, 176, 179)"
St. Bart's,7614,#577C88,"rgb(87, 124, 136)"
Sea Serpent,7615,#3E4B54,"rgb(62, 75, 84)"
Breezy,7616,#A0AEAF,"rgb(160, 174, 175)"
Mediterranean,7617,#60797D,"rgb(96, 121, 125)"
Deep Sea Dive,7618,#376167,"rgb(55, 97, 103)"
Labradorite,7619,#657B83,"rgb(101, 123, 131)"
Seaworthy,7620,#314D58,"rgb(49, 77, 88)"
Silvermist,7621,#B0B8B2,"rgb(176, 184, 178)"
Homburg Gray,7622,#666D69,"rgb(102, 109, 105)"
Cascades,7623,#273E3E,"rgb(39, 62, 62)"
Slate Tile,7624,#606E74,"rgb(96, 110, 116)"
Mount Etna,7625,#3D484C,"rgb(61, 72, 76)"
Zurich White,7626,#E6E1D9,"rgb(230, 225, 217)"
White Heron,7627,#E7E1D7,"rgb(231, 225, 215)"
Windfresh White,7628,#DED8CF,"rgb(222, 216, 207)"
Grapy,7629,#786E70,"rgb(120, 110, 112)"
Raisin,7630,#392B2D,"rgb(57, 43, 45)"
City Loft,7631,#DFDAD1,"rgb(223, 218, 209)"
Modern Gray,7632,#D6CEC3,"rgb(214, 206, 195)"
Taupe Tone,7633,#ADA090,"rgb(173, 160, 144)"
Pediment,7634,#D3CCC4,"rgb(211, 204, 196)"
Palisade,7635,#AA9E95,"rgb(170, 158, 149)"
Origami White,7636,#E5E2DA,"rgb(229, 226, 218)"
Oyster White,7637,#E2DDD0,"rgb(226, 221, 208)"
Jogging Path,7638,#C0B9A9,"rgb(192, 185, 169)"
Ethereal Mood,7639,#AEA594,"rgb(174, 165, 148)"
Fawn Brindle,7640,#A7A094,"rgb(167, 160, 148)"
Colonnade Gray,7641,#C6C0B6,"rgb(198, 192, 182)"
Pavestone,7642,#A0998F,"rgb(160, 153, 143)"
Pussywillow,7643,#B2ADA4,"rgb(178, 173, 164)"
Gateway Gray,7644,#B2AC9C,"rgb(178, 172, 156)"
Thunder Gray,7645,#57534C,"rgb(87, 83, 76)"
First Star,7646,#DAD9D4,"rgb(218, 217, 212)"
Crushed Ice,7647,#D6D3CC,"rgb(214, 211, 204)"
Big Chill,7648,#D0CEC9,"rgb(208, 206, 201)"
Silverplate,7649,#C2C0BA,"rgb(194, 192, 186)"
Ellie Gray,7650,#AAA9A4,"rgb(170, 169, 164)"
Front Porch,7651,#CCCCC5,"rgb(204, 204, 197)"
Mineral Deposit,7652,#ABB0AC,"rgb(171, 176, 172)"
Silverpointe,7653,#D1D2CB,"rgb(209, 210, 203)"
Lattice,7654,#CECEC6,"rgb(206, 206, 198)"
Stamped Concrete,7655,#A0A09A,"rgb(160, 160, 154)"
Rhinestone,7656,#DEE0DE,"rgb(222, 224, 222)"
Tinsmith,7657,#C5C8C4,"rgb(197, 200, 196)"
Gray Clouds,7658,#B7B7B2,"rgb(183, 183, 178)"
Gris,7659,#A5A9A8,"rgb(165, 169, 168)"
Earl Grey,7660,#969A96,"rgb(150, 154, 150)"
Reflection,7661,#D3D5D3,"rgb(211, 213, 211)"
Evening Shadow,7662,#C9CCCD,"rgb(201, 204, 205)"
Monorail Silver,7663,#B8BCBB,"rgb(184, 188, 187)"
Steely Gray,7664,#90979B,"rgb(144, 151, 155)"
Wall Street,7665,#656D73,"rgb(101, 109, 115)"
Fleur de Sel,7666,#DCDDD8,"rgb(220, 221, 216)"
Zircon,7667,#CAC9C6,"rgb(202, 201, 198)"
March Wind,7668,#BAB9B6,"rgb(186, 185, 182)"
Summit Gray,7669,#959491,"rgb(149, 148, 145)"
Gray Shingle,7670,#949392,"rgb(148, 147, 146)"
On the Rocks,7671,#D0CEC8,"rgb(208, 206, 200)"
Knitting Needles,7672,#C3C1BC,"rgb(195, 193, 188)"
Pewter Cast,7673,#9B9893,"rgb(155, 152, 147)"
Peppercorn,7674,#585858,"rgb(88, 88, 88)"
Sealskin,7675,#48423C,"rgb(72, 66, 60)"
Paper Lantern,7676,#F2E0C4,"rgb(242, 224, 196)"
Gold Vessel,7677,#EABA8A,"rgb(234, 186, 138)"
Cottage Cream,7678,#EDDBBD,"rgb(237, 219, 189)"
Golden Gate,7679,#D9AD7F,"rgb(217, 173, 127)"
Lanyard,7680,#C09972,"rgb(192, 153, 114)"
Tea Light,7681,#F8E4C2,"rgb(248, 228, 194)"
Bee's Wax,7682,#EABF86,"rgb(234, 191, 134)"
Buff,7683,#F1DFC1,"rgb(241, 223, 193)"
Concord Buff,7684,#EDD6B1,"rgb(237, 214, 177)"
White Raisin,7685,#E5C28B,"rgb(229, 194, 139)"
Hinoki,7686,#F8DDB7,"rgb(248, 221, 183)"
August Moon,7687,#E7C7A0,"rgb(231, 199, 160)"
Sundew,7688,#E1CDAE,"rgb(225, 205, 174)"
Row House Tan,7689,#D2BB9D,"rgb(210, 187, 157)"
Townhall Tan,7690,#C3AA8C,"rgb(195, 170, 140)"
Biltmore Buff,7691,#E3C9A1,"rgb(227, 201, 161)"
Cupola Yellow,7692,#DCBC8E,"rgb(220, 188, 142)"
Stonebriar,7693,#CBA97E,"rgb(203, 169, 126)"
Dromedary Camel,7694,#CAAD87,"rgb(202, 173, 135)"
Mesa Tan,7695,#BD9C77,"rgb(189, 156, 119)"
Toasted Pine Nut,7696,#DCC6A6,"rgb(220, 198, 166)"
Safari,7697,#CCB18B,"rgb(204, 177, 139)"
Straw Harvest,7698,#DBC8A2,"rgb(219, 200, 162)"
Rustic City,7699,#BA9A67,"rgb(186, 154, 103)"
Olde World Gold,7700,#8F6C3E,"rgb(143, 108, 62)"
Cavern Clay,7701,#AC6B53,"rgb(172, 107, 83)"
Spiced Cider,7702,#B0785C,"rgb(176, 120, 92)"
Earthen Jug,7703,#A85E39,"rgb(168, 94, 57)"
Tower Tan,7704,#D5B59B,"rgb(213, 181, 155)"
Wheat Penny,7705,#976B53,"rgb(151, 107, 83)"
Copper Wire,7707,#C67B57,"rgb(198, 123, 87)"
Copper Pot,7709,#B16A37,"rgb(177, 106, 55)"
Brandywine,7710,#A56C4A,"rgb(165, 108, 74)"
Pueblo,7711,#E6D0BD,"rgb(230, 208, 189)"
Townhouse Tan,7712,#DFC8B5,"rgb(223, 200, 181)"
Tawny Tan,7713,#CCB299,"rgb(204, 178, 153)"
Oak Barrel,7714,#BFA287,"rgb(191, 162, 135)"
Pottery Urn,7715,#AA866E,"rgb(170, 134, 110)"
Croissant,7716,#DBC5A7,"rgb(219, 197, 167)"
Ligonier Tan,7717,#D2B18F,"rgb(210, 177, 143)"
Oak Creek,7718,#BB8D6B,"rgb(187, 141, 107)"
Fresco Cream,7719,#D8C4AE,"rgb(216, 196, 174)"
Deer Valley,7720,#C7A485,"rgb(199, 164, 133)"
Crescent Cream,7721,#EDD1B1,"rgb(237, 209, 177)"
Travertine,7722,#ECD3B3,"rgb(236, 211, 179)"
Colony Buff,7723,#DDC6AB,"rgb(221, 198, 171)"
Canoe,7724,#B7987B,"rgb(183, 152, 123)"
Yearling,7725,#AD896A,"rgb(173, 137, 106)"
Lemon Verbena,7726,#9D986F,"rgb(157, 152, 111)"
Koi Pond,7727,#B9B292,"rgb(185, 178, 146)"
Green Sprout,7728,#A29F80,"rgb(162, 159, 128)"
Edamame,7729,#827C5A,"rgb(130, 124, 90)"
Forestwood,7730,#4D5346,"rgb(77, 83, 70)"
San Antonio Sage,7731,#A69474,"rgb(166, 148, 116)"
Lemongrass,7732,#C8BD98,"rgb(200, 189, 152)"
Bamboo Shoot,7733,#B3A479,"rgb(179, 164, 121)"
Olive Grove,7734,#857C5D,"rgb(133, 124, 93)"
Palm Leaf,7735,#635936,"rgb(99, 89, 54)"
Garden Sage,7736,#B1A584,"rgb(177, 165, 132)"
Meadow Trail,7737,#8D8168,"rgb(141, 129, 104)"
Cargo Pants,7738,#CDC4AE,"rgb(205, 196, 174)"
Herbal Wash,7739,#A49B82,"rgb(164, 155, 130)"
Messenger Bag,7740,#7D745E,"rgb(125, 116, 94)"
Willow Tree,7741,#AAAD9C,"rgb(170, 173, 156)"
Agate Green,7742,#8EA486,"rgb(142, 164, 134)"
Mountain Road,7743,#868578,"rgb(134, 133, 120)"
Zeus,7744,#99907E,"rgb(153, 144, 126)"
Muddled Basil,7745,#5A5243,"rgb(90, 82, 67)"
Rushing River,7746,#A19C8F,"rgb(161, 156, 143)"
Recycled Glass,7747,#BDC0A0,"rgb(189, 192, 160)"
Green Earth,7748,#9A9883,"rgb(154, 152, 131)"
Laurel Woods,7749,#44493D,"rgb(68, 73, 61)"
Olympic Range,7750,#424C44,"rgb(66, 76, 68)"
High Reflective White,7757,#F7F7F1,"rgb(247, 247, 241)"
Shell White,8917,#F0EBE0,"rgb(240, 235, 224)"
Audrey's Blush,9001,#AE8087,"rgb(174, 128, 135)"
Carley's Rose,9002,#A87376,"rgb(168, 115, 118)"
Rita's Rouge,9003,#BA7176,"rgb(186, 113, 118)"
Coral Rose,9004,#C37F7A,"rgb(195, 127, 122)"
Coral Clay,9005,#BF796E,"rgb(191, 121, 110)"
Rojo Dust,9006,#B57466,"rgb(181, 116, 102)"
Melón Meloso,9007,#F2B88C,"rgb(242, 184, 140)"
Bellini Fizz,9008,#F5C78E,"rgb(245, 199, 142)"
Subdued Sienna,9009,#CC896C,"rgb(204, 137, 108)"
Windswept Canyon,9010,#DBA480,"rgb(219, 164, 128)"
Sun Bleached Ochre,9011,#E3AB7B,"rgb(227, 171, 123)"
Polvo de Oro,9012,#E8B87F,"rgb(232, 184, 127)"
Olden Amber,9013,#EEB76B,"rgb(238, 183, 107)"
Pollen Powder,9014,#FBD187,"rgb(251, 209, 135)"
They call it Mellow,9015,#FBE4B3,"rgb(251, 228, 179)"
La Luna Amarilla,9016,#FDDFA0,"rgb(253, 223, 160)"
Sunny Veranda,9017,#FEDF94,"rgb(254, 223, 148)"
Honey Bees,9018,#FBD682,"rgb(251, 214, 130)"
Golden Plumeria,9019,#FBD073,"rgb(251, 208, 115)"
Rayo de Sol,9020,#F4C454,"rgb(244, 196, 84)"
Naples Yellow,9021,#F6D58F,"rgb(246, 213, 143)"
Yellow Bird,9022,#F1CD7B,"rgb(241, 205, 123)"
Dakota Wheat,9023,#E1BD8E,"rgb(225, 189, 142)"
Vintage Gold,9024,#CBA576,"rgb(203, 165, 118)"
Coriander Powder,9025,#BA9C75,"rgb(186, 156, 117)"
Tarnished Trumpet,9026,#D5B176,"rgb(213, 177, 118)"
Pale Moss,9027,#DCC797,"rgb(220, 199, 151)"
Dusted Olive,9028,#BEA775,"rgb(190, 167, 117)"
Cool Avocado,9029,#C4B47D,"rgb(196, 180, 125)"
Limón Fresco,9030,#CEBC55,"rgb(206, 188, 85)"
Primavera,9031,#D2D083,"rgb(210, 208, 131)"
Stay in Lime,9032,#9FAC5C,"rgb(159, 172, 92)"
Oh Pistachio,9033,#ABCA99,"rgb(171, 202, 153)"
Seawashed Glass,9034,#A9C095,"rgb(169, 192, 149)"
Frosted Emerald,9035,#78B185,"rgb(120, 177, 133)"
Retro Mint,9036,#9FCDB1,"rgb(159, 205, 177)"
Baby Bok Choy,9037,#BBB98A,"rgb(187, 185, 138)"
Cucuzza Verde,9038,#9BA373,"rgb(155, 163, 115)"
Broccoflower,9039,#8FA277,"rgb(143, 162, 119)"
Reseda Green,9040,#75946B,"rgb(117, 148, 107)"
Parisian Patina,9041,#7D9B89,"rgb(125, 155, 137)"
Verdigreen,9042,#81A595,"rgb(129, 165, 149)"
Aquastone,9043,#89C6B7,"rgb(137, 198, 183)"
Little Blue Box,9044,#8AC5BA,"rgb(138, 197, 186)"
Bora Bora Shore,9045,#92D0D0,"rgb(146, 208, 208)"
Gentle Aquamarine,9046,#97CBD2,"rgb(151, 203, 210)"
After the Rain,9047,#8BC4D1,"rgb(139, 196, 209)"
Surfin',9048,#73C0D2,"rgb(115, 192, 210)"
Sky Fall,9049,#89C6DF,"rgb(137, 198, 223)"
Vintage Vessel,9050,#94B2A6,"rgb(148, 178, 166)"
Aquaverde,9051,#A3C0BD,"rgb(163, 192, 189)"
Blithe Blue,9052,#90BDBD,"rgb(144, 189, 189)"
Agua Fría,9053,#9FC5CC,"rgb(159, 197, 204)"
Little Boy Blu,9054,#C7D8DB,"rgb(199, 216, 219)"
Billowy Breeze,9055,#AFC7CD,"rgb(175, 199, 205)"
French Moire,9056,#9FBBC3,"rgb(159, 187, 195)"
Aquitaine,9057,#88ABB4,"rgb(136, 171, 180)"
Secret Cove,9058,#68909D,"rgb(104, 144, 157)"
Silken Peacock,9059,#427584,"rgb(66, 117, 132)"
Connor's Lakefront,9060,#175A6C,"rgb(23, 90, 108)"
Rest Assured,9061,#9BBFC9,"rgb(155, 191, 201)"
Bluebird Feather,9062,#6F9DB3,"rgb(111, 157, 179)"
Porch Ceiling,9063,#9BC8DE,"rgb(155, 200, 222)"
Bluesy Note,9064,#7C9AB5,"rgb(124, 154, 181)"
Perfect Periwinkle,9065,#6487B0,"rgb(100, 135, 176)"
Agapanthus,9066,#BBC5DE,"rgb(187, 197, 222)"
Forever Lilac,9067,#AFA5C7,"rgb(175, 165, 199)"
Berry Frappé,9068,#B3A1C6,"rgb(179, 161, 198)"
Veri Berri,9069,#937496,"rgb(147, 116, 150)"
Baby Blue Eyes,9070,#83A2B4,"rgb(131, 162, 180)"
Dyer's Woad,9071,#7B99B0,"rgb(123, 153, 176)"
Dried Lavender,9072,#8595AA,"rgb(133, 149, 170)"
Dusty Heather,9073,#8990A3,"rgb(137, 144, 163)"
Gentle Grape,9074,#908A9B,"rgb(144, 138, 155)"
Berry Cream,9075,#9A8CA2,"rgb(154, 140, 162)"
Ruby Violet,9076,#9B7E8B,"rgb(155, 126, 139)"
Rosaline Pearl,9077,#A38887,"rgb(163, 136, 135)"
Cocoa Berry,9078,#A08882,"rgb(160, 136, 130)"
Velvety Chestnut,9079,#A2877D,"rgb(162, 135, 125)"
Hushed Auburn,9080,#A8857A,"rgb(168, 133, 122)"
Redend Point,9081,#AE8E7E,"rgb(174, 142, 126)"
Chocolate Powder,9082,#A58C7B,"rgb(165, 140, 123)"
Dusted Truffle,9083,#9C8373,"rgb(156, 131, 115)"
Cocoa Whip,9084,#A08E7E,"rgb(160, 142, 126)"
Touch of Sand,9085,#D5C7BA,"rgb(213, 199, 186)"
Cool Beige,9086,#C6B5A7,"rgb(198, 181, 167)"
Smoky Beige,9087,#B9A796,"rgb(185, 167, 150)"
Utaupeia,9088,#A58F7B,"rgb(165, 143, 123)"
Llama Wool,9089,#917864,"rgb(145, 120, 100)"
Caraibe,9090,#785F4C,"rgb(120, 95, 76)"
Half Caff,9091,#604C3D,"rgb(96, 76, 61)"
Iced Mocha,9092,#A3846C,"rgb(163, 132, 108)"
Nearly Brown,9093,#A88E76,"rgb(168, 142, 118)"
Playa Arenosa,9094,#DCC7B3,"rgb(220, 199, 179)"
Ginger Root,9095,#D2B79E,"rgb(210, 183, 158)"
Beige Intenso,9096,#C5A88D,"rgb(197, 168, 141)"
Soft Fawn,9097,#B59778,"rgb(181, 151, 120)"
Baked Cookie,9098,#89674A,"rgb(137, 103, 74)"
Saddle Up,9099,#725237,"rgb(114, 82, 55)"
Umber Rust,9100,#765138,"rgb(118, 81, 56)"
Tres Naturale,9101,#DCC7AD,"rgb(220, 199, 173)"
Quinoa,9102,#CFB597,"rgb(207, 181, 151)"
Farro,9103,#C1A485,"rgb(193, 164, 133)"
Woven Wicker,9104,#B99974,"rgb(185, 153, 116)"
Almond Roca,9105,#A78361,"rgb(167, 131, 97)"
El Caramelo,9106,#946E48,"rgb(148, 110, 72)"
Über Umber,9107,#7B5838,"rgb(123, 88, 56)"
Double Latte,9108,#A78C71,"rgb(167, 140, 113)"
Natural Linen,9109,#DFD3C3,"rgb(223, 211, 195)"
Malabar,9110,#CFBEA9,"rgb(207, 190, 169)"
Antler Velvet,9111,#C0AD96,"rgb(192, 173, 150)"
Song Thrush,9112,#AF987F,"rgb(175, 152, 127)"
Mudslide,9113,#A08568,"rgb(160, 133, 104)"
Fallen Leaves,9114,#8F7659,"rgb(143, 118, 89)"
Cowboy Boots,9115,#695239,"rgb(105, 82, 57)"
Serengeti Grass,9116,#AB9579,"rgb(171, 149, 121)"
Urban Jungle,9117,#A4947E,"rgb(164, 148, 126)"
Tarnished Treasure,9118,#B9A47E,"rgb(185, 164, 126)"
Dirty Martini,9119,#DDD0B6,"rgb(221, 208, 182)"
Tumblin' Tumbleweed,9120,#CDBB9C,"rgb(205, 187, 156)"
Sawgrass Basket,9121,#C3B090,"rgb(195, 176, 144)"
Dried Edamame,9122,#B19F80,"rgb(177, 159, 128)"
Barro Verde,9123,#9F8E71,"rgb(159, 142, 113)"
Verde Marrón,9124,#877459,"rgb(135, 116, 89)"
Oliva Oscuro,9125,#665439,"rgb(102, 84, 57)"
Honed Soapstone,9126,#9D9887,"rgb(157, 152, 135)"
At Ease Soldier,9127,#9E9985,"rgb(158, 153, 133)"
Green Onyx,9128,#989A82,"rgb(152, 154, 130)"
Jade Dragon,9129,#909886,"rgb(144, 152, 134)"
Evergreen Fog,9130,#95978A,"rgb(149, 151, 138)"
Cornwall Slate,9131,#949488,"rgb(148, 148, 136)"
Acacia Haze,9132,#969C92,"rgb(150, 156, 146)"
Jasper Stone,9133,#8D9E97,"rgb(141, 158, 151)"
Delft,9134,#8B9FA0,"rgb(139, 159, 160)"
Whirlpool,9135,#80969D,"rgb(128, 150, 157)"
Lullaby,9136,#CBD4D4,"rgb(203, 212, 212)"
Niebla Azul,9137,#B6C3C4,"rgb(182, 195, 196)"
Stardew,9138,#A6B2B5,"rgb(166, 178, 181)"
Debonair,9139,#90A0A6,"rgb(144, 160, 166)"
Blustery Sky,9140,#6F848C,"rgb(111, 132, 140)"
Waterloo,9141,#536872,"rgb(83, 104, 114)"
Moscow Midnight,9142,#204652,"rgb(32, 70, 82)"
Cadet,9143,#91999C,"rgb(145, 153, 156)"
Moonmist,9144,#C9D9E0,"rgb(201, 217, 224)"
Sleepy Hollow,9145,#B7C9D1,"rgb(183, 201, 209)"
Faded Flaxflower,9146,#9EB4C0,"rgb(158, 180, 192)"
Favorite Jeans,9147,#8AA3B1,"rgb(138, 163, 177)"
Smoky Azurite,9148,#708D9E,"rgb(112, 141, 158)"
Inky Blue,9149,#4E7287,"rgb(78, 114, 135)"
Endless Sea,9150,#32586E,"rgb(50, 88, 110)"
Daphne,9151,#899CAA,"rgb(137, 156, 170)"
Let it Rain,9152,#979FA5,"rgb(151, 159, 165)"
Moonlit Orchid,9153,#949194,"rgb(148, 145, 148)"
Perle Noir,9154,#4F4D51,"rgb(79, 77, 81)"
Slate Violet,9155,#989192,"rgb(152, 145, 146)"
Gris Morado,9156,#8F8A91,"rgb(143, 138, 145)"
Autumn Orchid,9157,#9D9093,"rgb(157, 144, 147)"
Coquina,9158,#9D8D8E,"rgb(157, 141, 142)"
Auger Shell,9159,#9F9291,"rgb(159, 146, 145)"
Armadillo,9160,#9E9089,"rgb(158, 144, 137)"
Dustblu,9161,#959BA0,"rgb(149, 155, 160)"
African Gray,9162,#939899,"rgb(147, 152, 153)"
Tin Lizzie,9163,#939591,"rgb(147, 149, 145)"
Illusive Green,9164,#92948D,"rgb(146, 148, 141)"
Gossamer Veil,9165,#D3CEC4,"rgb(211, 206, 196)"
Drift of Mist,9166,#DCD8D0,"rgb(220, 216, 208)"
Polished Concrete,9167,#9E9793,"rgb(158, 151, 147)"
Elephant Ear,9168,#988F85,"rgb(152, 143, 133)"
Chatura Gray,9169,#A09287,"rgb(160, 146, 135)"
Acier,9170,#9E9991,"rgb(158, 153, 145)"
Felted Wool,9171,#979083,"rgb(151, 144, 131)"
Studio Clay,9172,#958D7F,"rgb(149, 141, 127)"
Shiitake,9173,#C8BCAB,"rgb(200, 188, 171)"
Moth Wing,9174,#A0907F,"rgb(160, 144, 127)"
Deep Forest Brown,9175,#393437,"rgb(57, 52, 55)"
Dress Blues,9176,#2B4360,"rgb(43, 67, 96)"
Salty Dog,9177,#234058,"rgb(35, 64, 88)"
In the Navy,9178,#283849,"rgb(40, 56, 73)"
Anchors Aweigh,9179,#2B3441,"rgb(43, 52, 65)"
Aged White,9180,#E8DECD,"rgb(232, 222, 205)"
Rojo Marrón,9182,#4B3029,"rgb(75, 48, 41)"
Dark Clove,9183,#4C3D31,"rgb(76, 61, 49)"
Foxhall Green,9184,#454B40,"rgb(69, 75, 64)"
Marea Baja,9185,#2E5464,"rgb(46, 84, 100)"
Caramelized,9186,#C29871,"rgb(194, 152, 113)"
